modified_uniprot	modified_gene	partner_uniprot	partner_gene	organism	ptm_type	residue	position	effect_label	source_effect_label	pmid	detection_method	disease	colocalized	source	source_window_5	modified_sequence	partner_sequence	residue_position_valid
Q8TD46	CD200R1	O60496	DOK2	Human	Phos	Y	302	enhance	Enhance	19786546	Surface plasmon resonance(SPR)	Lymphoma		PTMint	KNNPLyDTTNK	MLCPWRTANLGLLLILTIFLVAEAEGAAQPNNSLMLQTSKENHALASSSLCMDEKQITQNYSKVLAEVNTSWPVKMATNAVLCCPPIALRNLIIITWEIILRGQPSCTKAYKKETNETKETNCTDERITWVSRPDQNSDLQIRTVAITHDGYYRCIMVTPDGNFHRGYHLQVLVTPEVTLFQNRNRTAVCKAVAGKPAAHISWIPEGDCATKQEYWSNGTVTVKSTCHWEVHNVSTVTCHVSHLTGNKSLYIELLPVPGAKKSAKLYIPYIILTIIILTIVGFIWLLKVNGCRKYKLNKTESTPVVEEDEMQPYASYTEKNNPLYDTTNKVKASEALQSEVDTDLHTL	MGDGAVKQGFLYLQQQQTFGKKWRRFGASLYGGSDCALARLELQEGPEKPRRCEAARKVIRLSDCLRVAEAGGEASSPRDTSAFFLETKERLYLLAAPAAERGDWVQAICLLAFPGQRKELSGPEGKQSRPCMEENELYSSAVTVGPHKEFAVTMRPTEASERCHLRGSYTLRAGESALELWGGPEPGTQLYDWPYRFLRRFGRDKVTFSFEAGRRCVSGEGNFEFETRQGNEIFLALEEAISAQKNAAPATPQPQPATIPASLPRPDSPYSRPHDSLPPPSPTTPVPAPRPRGQEGEYAVPFDAVARSLGKNFRGILAVPPQLLADPLYDSIEETLPPRPDHIYDEPEGVAALSLYDSPQEPRGEAWRRQATADRDPAGLQHVQPAGQDFSASGWQPGTEYDNVVLKKGPK	False
Q96RK0	CIC	O00505	KPNA3	Human	Phos	S	1409	inhibit	Inhibit	21087211	GFP-Trap immunoprecipitation	Spinocerebellar ataxia(SCA), Cancers		PTMint	PEDPTsPKRKM	MKPMKKACTGLSGPGSGSKSPPATRAKALRRRGAGEGDKPEEEDDEAQQPQPQSGPEEAEEGEEEEAERGPGAEGPPLELHPGDPAPGPAEDPKGDGEAGRWEPSLSRKTATFKSRAPKKKYVEEHGAGSSGVAGAPEERVRTPEEASGLGVPPRPPTSTRSSSTDTASEHSADLEDEPAEACGPGPWPPGSTSGSYDLRQLRSQRVLARRGDGLFLPAVVRQVRRSQDLGVQFPGDRALTFYEGVPGAGVDVVLDATPPPGALVVGTAVCTCVEPGVAAYREGVVVEVATKPAAYKVRLSPGPSSQPGLPGSLPQPPQPLHREPEEAVWVARSSLRLLRPPWEPETMLRKPPTGPEEEQAEPGATLPPCPAALDPKQPEDAEVSKISFGGNLGTHCEEGEEKHPPALGTPALLPLPPPQLLSPPPKSPAFVGPGRPGEQPSPCQEGSQGGSRSSSVASLEKGTAPAARARTPLTAAQQKYKKGDVVCTPSGIRKKFNGKQWRRLCSRDGCMKESQRRGYCSRHLSMRTKEMEGLADSGPGGAGRPAAVAAREGSTEFDWGDETSRDSEASSVAARGDSRPRLVAPADLSRFEFDECEAAVMLVSLGSSRSGTPSFSPVSTQSPFSPAPSPSPSPLFGFRPANFSPINASPVIQRTAVRSRHLSASTPKAGVLTPPDLGPHPPPPAPRERHSSGILPTFQTNLTFTVPISPGRRKTELLPHPGALGAPGAGGGGAAPDFPKSDSLDSGVDSVSHTPTPSTPAGFRAVSPAVPFSRSRQPSPLLLLPPPAGLTSDPGPSVRRVPAVQRDSPVIVRNPDVPLPSKFPGEVGTAGEVRAGGPGRGCRETPVPPGVASGKPGLPPPLPAPVPITVPPAAPTAVAQPMPAFGLASSPFQPVAFHPSPAALLPVLVPSSYTSHPAPKKEVIMGRPGTVWTNVEPRSVAVFPWHSLVPFLAPSQPDPSVQPSEAQQPASHPVASNQSKEPAESAAVAHERPPGGTGSADPERPPGATCPESPGPGPPHPLGVVESGKGPPPTTEEEASGPPGEPRLDSETESDHDDAFLSIMSPEIQLPLPPGKRRTQSLSALPKERDSSSEKDGRSPNKREKDHIRRPMNAFMIFSKRHRALVHQRHPNQDNRTVSKILGEWWYALGPKEKQKYHDLAFQVKEAHFKAHPDWKWCNKDRKKSSSEAKPTSLGLAGGHKETRERSMSETGTAAAPGVSSELLSVAAQTLLSSDTKAPGSSSCGAERLHTVGGPGSARPRAFSHSGVHSLDGGEVDSQALQELTQMVSGPASYSGPKPSTQYGAPGPFAAPGEGGALAATGRPPLLPTRASRSQRAASEDMTSDEERMVICEEEGDDDVIADDGFGTTDIDLKCKERVTDSESGDSSGEDPEGNKGFGRKVFSPVIRSSFTHCRPPLDPEPPGPPDPPVAFGKGYGSAPSSSASSPASSSASAATSFSLGSGTFKAQESGQGSTAGPLRPPPPGAGGPATPSKATRFLPMDPATFRRKRPESVGGLEPPGPSVIAAPPSGGGNILQTLVLPPNKEEQEGGGARVPSAPAPSLAYGAPAAPLSRPAATMVTNVVRPVSSTPVPIASKPFPTSGRAEASPNDTAGARTEMGTGSRVPGGSPLGVSLVYSDKKSAAATSPAPHLVAGPLLGTVGKAPATVTNLLVGTPGYGAPAPPAVQFIAQGAPGGGTTAGSGAGAGSGPNGPVPLGILQPGALGKAGGITQVQYILPTLPQQLQVAPAPAPAPGTKAAAPSGPAPTTSIRFTLPPGTSTNGKVLAATAPTPGIPILQSVPSAPPPKAQSVSPVQAPPPGGSAQLLPGKVLVPLAAPSMSVRGGGAGQPLPLVSPPFSVPVQNGAQPPSKIIQLTPVPVSTPSGLVPPLSPATLPGPTSQPQKVLLPSSTRITYVQSAGGHALPLGTSPASSQAGTVTSYGPTSSVALGFTSLGPSGPAFVQPLLSAGQAPLLAPGQVGVSPVPSPQLPPACAAPGGPVITAFYSGSPAPTSSAPLAQPSQAPPSLVYTVATSTTPPAATILPKGPPAPATATPAPTSPFPSATAGSMTYSLVAPKAQRPSPKAPQKVKAAIASIPVGSFEAGASGRPGPAPRQPLEPGPVREPTAPESELEGQPTPPAPPPLPETWTPTARSSPPLPPPAEERTSAKGPETMASKFPSSSSDWRVPGQGLENRGEPPTPPSPAPAPAVAPGGSSESSSGRAAGDTPERKEAAGTGKKVKVRPPPLKKTFDSVDNRVLSEVDFEERFAELPEFRPEEVLPSPTLQSLATSPRAILGSYRKKRKNSTDLDSAPEDPTSPKRKMRRRSSCSSEPNTPKSAKCEGDIFTFDRTGTEAEDVLGELEYDKVPYSSLRRTLDQRRALVMQLFQDHGFFPSAQATAAFQARYADIFPSKVCLQLKIREVRQKIMQAATPTEQPPGAEAPLPVPPPTGTAAAPAPTPSPAGGPDPTSPSSDSGTAQAAPPLPPPPESGPGQPGWEGAPQPSPPPPGPSTAATGR	MAENPSLENHRIKSFKNKGRDVETMRRHRNEVTVELRKNKRDEHLLKKRNVPQEESLEDSDVDADFKAQNVTLEAILQNATSDNPVVQLSAVQAARKLLSSDRNPPIDDLIKSGILPILVKCLERDDNPSLQFEAAWALTNIASGTSAQTQAVVQSNAVPLFLRLLRSPHQNVCEQAVWALGNIIGDGPQCRDYVISLGVVKPLLSFISPSIPITFLRNVTWVIVNLCRNKDPPPPMETVQEILPALCVLIYHTDINILVDTVWALSYLTDGGNEQIQMVIDSGVVPFLVPLLSHQEVKVQTAALRAVGNIVTGTDEQTQVVLNCDVLSHFPNLLSHPKEKINKEAVWFLSNITAGNQQQVQAVIDAGLIPMIIHQLAKGDFGTQKEAAWAISNLTISGRKDQVEYLVQQNVIPPFCNLLSVKDSQVVQVVLDGLKNILIMAGDEASTIAEIIEECGGLEKIEVLQQHENEDIYKLAFEIIDQYFSGDDIDEDPCLIPEATQGGTYNFDPTANLQTKEFNF	False
Q96RK0	CIC	Q8NG27	PJA1	Human	Phos	S	173	enhance	Enhance	30737375	Co-IP	Glioblastoma(GBM)		PTMint	KRRTQsLSALP	MKPMKKACTGLSGPGSGSKSPPATRAKALRRRGAGEGDKPEEEDDEAQQPQPQSGPEEAEEGEEEEAERGPGAEGPPLELHPGDPAPGPAEDPKGDGEAGRWEPSLSRKTATFKSRAPKKKYVEEHGAGSSGVAGAPEERVRTPEEASGLGVPPRPPTSTRSSSTDTASEHSADLEDEPAEACGPGPWPPGSTSGSYDLRQLRSQRVLARRGDGLFLPAVVRQVRRSQDLGVQFPGDRALTFYEGVPGAGVDVVLDATPPPGALVVGTAVCTCVEPGVAAYREGVVVEVATKPAAYKVRLSPGPSSQPGLPGSLPQPPQPLHREPEEAVWVARSSLRLLRPPWEPETMLRKPPTGPEEEQAEPGATLPPCPAALDPKQPEDAEVSKISFGGNLGTHCEEGEEKHPPALGTPALLPLPPPQLLSPPPKSPAFVGPGRPGEQPSPCQEGSQGGSRSSSVASLEKGTAPAARARTPLTAAQQKYKKGDVVCTPSGIRKKFNGKQWRRLCSRDGCMKESQRRGYCSRHLSMRTKEMEGLADSGPGGAGRPAAVAAREGSTEFDWGDETSRDSEASSVAARGDSRPRLVAPADLSRFEFDECEAAVMLVSLGSSRSGTPSFSPVSTQSPFSPAPSPSPSPLFGFRPANFSPINASPVIQRTAVRSRHLSASTPKAGVLTPPDLGPHPPPPAPRERHSSGILPTFQTNLTFTVPISPGRRKTELLPHPGALGAPGAGGGGAAPDFPKSDSLDSGVDSVSHTPTPSTPAGFRAVSPAVPFSRSRQPSPLLLLPPPAGLTSDPGPSVRRVPAVQRDSPVIVRNPDVPLPSKFPGEVGTAGEVRAGGPGRGCRETPVPPGVASGKPGLPPPLPAPVPITVPPAAPTAVAQPMPAFGLASSPFQPVAFHPSPAALLPVLVPSSYTSHPAPKKEVIMGRPGTVWTNVEPRSVAVFPWHSLVPFLAPSQPDPSVQPSEAQQPASHPVASNQSKEPAESAAVAHERPPGGTGSADPERPPGATCPESPGPGPPHPLGVVESGKGPPPTTEEEASGPPGEPRLDSETESDHDDAFLSIMSPEIQLPLPPGKRRTQSLSALPKERDSSSEKDGRSPNKREKDHIRRPMNAFMIFSKRHRALVHQRHPNQDNRTVSKILGEWWYALGPKEKQKYHDLAFQVKEAHFKAHPDWKWCNKDRKKSSSEAKPTSLGLAGGHKETRERSMSETGTAAAPGVSSELLSVAAQTLLSSDTKAPGSSSCGAERLHTVGGPGSARPRAFSHSGVHSLDGGEVDSQALQELTQMVSGPASYSGPKPSTQYGAPGPFAAPGEGGALAATGRPPLLPTRASRSQRAASEDMTSDEERMVICEEEGDDDVIADDGFGTTDIDLKCKERVTDSESGDSSGEDPEGNKGFGRKVFSPVIRSSFTHCRPPLDPEPPGPPDPPVAFGKGYGSAPSSSASSPASSSASAATSFSLGSGTFKAQESGQGSTAGPLRPPPPGAGGPATPSKATRFLPMDPATFRRKRPESVGGLEPPGPSVIAAPPSGGGNILQTLVLPPNKEEQEGGGARVPSAPAPSLAYGAPAAPLSRPAATMVTNVVRPVSSTPVPIASKPFPTSGRAEASPNDTAGARTEMGTGSRVPGGSPLGVSLVYSDKKSAAATSPAPHLVAGPLLGTVGKAPATVTNLLVGTPGYGAPAPPAVQFIAQGAPGGGTTAGSGAGAGSGPNGPVPLGILQPGALGKAGGITQVQYILPTLPQQLQVAPAPAPAPGTKAAAPSGPAPTTSIRFTLPPGTSTNGKVLAATAPTPGIPILQSVPSAPPPKAQSVSPVQAPPPGGSAQLLPGKVLVPLAAPSMSVRGGGAGQPLPLVSPPFSVPVQNGAQPPSKIIQLTPVPVSTPSGLVPPLSPATLPGPTSQPQKVLLPSSTRITYVQSAGGHALPLGTSPASSQAGTVTSYGPTSSVALGFTSLGPSGPAFVQPLLSAGQAPLLAPGQVGVSPVPSPQLPPACAAPGGPVITAFYSGSPAPTSSAPLAQPSQAPPSLVYTVATSTTPPAATILPKGPPAPATATPAPTSPFPSATAGSMTYSLVAPKAQRPSPKAPQKVKAAIASIPVGSFEAGASGRPGPAPRQPLEPGPVREPTAPESELEGQPTPPAPPPLPETWTPTARSSPPLPPPAEERTSAKGPETMASKFPSSSSDWRVPGQGLENRGEPPTPPSPAPAPAVAPGGSSESSSGRAAGDTPERKEAAGTGKKVKVRPPPLKKTFDSVDNRVLSEVDFEERFAELPEFRPEEVLPSPTLQSLATSPRAILGSYRKKRKNSTDLDSAPEDPTSPKRKMRRRSSCSSEPNTPKSAKCEGDIFTFDRTGTEAEDVLGELEYDKVPYSSLRRTLDQRRALVMQLFQDHGFFPSAQATAAFQARYADIFPSKVCLQLKIREVRQKIMQAATPTEQPPGAEAPLPVPPPTGTAAAPAPTPSPAGGPDPTSPSSDSGTAQAAPPLPPPPESGPGQPGWEGAPQPSPPPPGPSTAATGR	MGQESSKPVWPNPTGGYQSNTGRRYGRRHAYVSFRPPTSQRERIASQRKTNSEVPMHRSAPSQTTKRSRSPFSTTRRSWDDSESSGTNLNIDNEDYSRYPPREYRASGSRRGMAYGHIDSYGADDSEEEGAGPVERPPVRGKTGKFKDDKLYDPEKGARSLAGPPPHFSSFSRDVREERDKLDPVPAARCSASRADFLPQSSVASQSSSEGKLATKGDSSERERREQNLPARPSRAPVSICGGGENTSKSAEEPVVRPKIRNLASPNCVKPKIFFDTDDDDDMPHSTSRWRDTANDNEGHSDGLARRGRGESSSGYPEPKYPEDKREARSDQVKPEKVPRRRRTMADPDFWTHSDDYYKYCDEDSDSDKEWIAALRRKYRSREQTLSSSGESWETLPGKEEREPPQAKVSASTGTSPGPGASASAGAGAGASAGSNGSNYLEEVREPSLQEEQASLEEGEIPWLQYHENDSSSEGDNDSGHELMQPGVFMLDGNNNLEDDSSVSEDLEVDWSLFDGFADGLGVAEAISYVDPQFLTYMALEERLAQAMETALAHLESLAVDVEVANPPASKESIDALPEILVTEDHGAVGQEMCCPICCSEYVKGEVATELPCHHYFHKPCVSIWLQKSGTCPVCRCMFPPPL	False
Q96RK0	CIC	P62258	YWHAE	Human	Phos	S	173	enhance	Enhance	21087211	GFP-Trap immunoprecipitation	Spinocerebellar ataxia(SCA), Cancers		PTMint	KRRTQsLSALP	MKPMKKACTGLSGPGSGSKSPPATRAKALRRRGAGEGDKPEEEDDEAQQPQPQSGPEEAEEGEEEEAERGPGAEGPPLELHPGDPAPGPAEDPKGDGEAGRWEPSLSRKTATFKSRAPKKKYVEEHGAGSSGVAGAPEERVRTPEEASGLGVPPRPPTSTRSSSTDTASEHSADLEDEPAEACGPGPWPPGSTSGSYDLRQLRSQRVLARRGDGLFLPAVVRQVRRSQDLGVQFPGDRALTFYEGVPGAGVDVVLDATPPPGALVVGTAVCTCVEPGVAAYREGVVVEVATKPAAYKVRLSPGPSSQPGLPGSLPQPPQPLHREPEEAVWVARSSLRLLRPPWEPETMLRKPPTGPEEEQAEPGATLPPCPAALDPKQPEDAEVSKISFGGNLGTHCEEGEEKHPPALGTPALLPLPPPQLLSPPPKSPAFVGPGRPGEQPSPCQEGSQGGSRSSSVASLEKGTAPAARARTPLTAAQQKYKKGDVVCTPSGIRKKFNGKQWRRLCSRDGCMKESQRRGYCSRHLSMRTKEMEGLADSGPGGAGRPAAVAAREGSTEFDWGDETSRDSEASSVAARGDSRPRLVAPADLSRFEFDECEAAVMLVSLGSSRSGTPSFSPVSTQSPFSPAPSPSPSPLFGFRPANFSPINASPVIQRTAVRSRHLSASTPKAGVLTPPDLGPHPPPPAPRERHSSGILPTFQTNLTFTVPISPGRRKTELLPHPGALGAPGAGGGGAAPDFPKSDSLDSGVDSVSHTPTPSTPAGFRAVSPAVPFSRSRQPSPLLLLPPPAGLTSDPGPSVRRVPAVQRDSPVIVRNPDVPLPSKFPGEVGTAGEVRAGGPGRGCRETPVPPGVASGKPGLPPPLPAPVPITVPPAAPTAVAQPMPAFGLASSPFQPVAFHPSPAALLPVLVPSSYTSHPAPKKEVIMGRPGTVWTNVEPRSVAVFPWHSLVPFLAPSQPDPSVQPSEAQQPASHPVASNQSKEPAESAAVAHERPPGGTGSADPERPPGATCPESPGPGPPHPLGVVESGKGPPPTTEEEASGPPGEPRLDSETESDHDDAFLSIMSPEIQLPLPPGKRRTQSLSALPKERDSSSEKDGRSPNKREKDHIRRPMNAFMIFSKRHRALVHQRHPNQDNRTVSKILGEWWYALGPKEKQKYHDLAFQVKEAHFKAHPDWKWCNKDRKKSSSEAKPTSLGLAGGHKETRERSMSETGTAAAPGVSSELLSVAAQTLLSSDTKAPGSSSCGAERLHTVGGPGSARPRAFSHSGVHSLDGGEVDSQALQELTQMVSGPASYSGPKPSTQYGAPGPFAAPGEGGALAATGRPPLLPTRASRSQRAASEDMTSDEERMVICEEEGDDDVIADDGFGTTDIDLKCKERVTDSESGDSSGEDPEGNKGFGRKVFSPVIRSSFTHCRPPLDPEPPGPPDPPVAFGKGYGSAPSSSASSPASSSASAATSFSLGSGTFKAQESGQGSTAGPLRPPPPGAGGPATPSKATRFLPMDPATFRRKRPESVGGLEPPGPSVIAAPPSGGGNILQTLVLPPNKEEQEGGGARVPSAPAPSLAYGAPAAPLSRPAATMVTNVVRPVSSTPVPIASKPFPTSGRAEASPNDTAGARTEMGTGSRVPGGSPLGVSLVYSDKKSAAATSPAPHLVAGPLLGTVGKAPATVTNLLVGTPGYGAPAPPAVQFIAQGAPGGGTTAGSGAGAGSGPNGPVPLGILQPGALGKAGGITQVQYILPTLPQQLQVAPAPAPAPGTKAAAPSGPAPTTSIRFTLPPGTSTNGKVLAATAPTPGIPILQSVPSAPPPKAQSVSPVQAPPPGGSAQLLPGKVLVPLAAPSMSVRGGGAGQPLPLVSPPFSVPVQNGAQPPSKIIQLTPVPVSTPSGLVPPLSPATLPGPTSQPQKVLLPSSTRITYVQSAGGHALPLGTSPASSQAGTVTSYGPTSSVALGFTSLGPSGPAFVQPLLSAGQAPLLAPGQVGVSPVPSPQLPPACAAPGGPVITAFYSGSPAPTSSAPLAQPSQAPPSLVYTVATSTTPPAATILPKGPPAPATATPAPTSPFPSATAGSMTYSLVAPKAQRPSPKAPQKVKAAIASIPVGSFEAGASGRPGPAPRQPLEPGPVREPTAPESELEGQPTPPAPPPLPETWTPTARSSPPLPPPAEERTSAKGPETMASKFPSSSSDWRVPGQGLENRGEPPTPPSPAPAPAVAPGGSSESSSGRAAGDTPERKEAAGTGKKVKVRPPPLKKTFDSVDNRVLSEVDFEERFAELPEFRPEEVLPSPTLQSLATSPRAILGSYRKKRKNSTDLDSAPEDPTSPKRKMRRRSSCSSEPNTPKSAKCEGDIFTFDRTGTEAEDVLGELEYDKVPYSSLRRTLDQRRALVMQLFQDHGFFPSAQATAAFQARYADIFPSKVCLQLKIREVRQKIMQAATPTEQPPGAEAPLPVPPPTGTAAAPAPTPSPAGGPDPTSPSSDSGTAQAAPPLPPPPESGPGQPGWEGAPQPSPPPPGPSTAATGR	MDDREDLVYQAKLAEQAERYDEMVESMKKVAGMDVELTVEERNLLSVAYKNVIGARRASWRIISSIEQKEENKGGEDKLKMIREYRQMVETELKLICCDILDVLDKHLIPAANTGESKVFYYKMKGDYHRYLAEFATGNDRKEAAENSLVAYKAASDIAMTELPPTHPIRLGLALNFSVFYYEILNSPDRACRLAKAAFDDAIAELDTLSEESYKDSTLIMQLLRDNLTLWTSDMQGDGEEQNKEALQDVEDENQ	False
Q96RK0	CIC	P27348	YWHAQ	Human	Phos	S	173	enhance	Enhance	33103082	Structure analysis	Breast cancer	Nucleus	PTMint	KRRTQsLSALP	MKPMKKACTGLSGPGSGSKSPPATRAKALRRRGAGEGDKPEEEDDEAQQPQPQSGPEEAEEGEEEEAERGPGAEGPPLELHPGDPAPGPAEDPKGDGEAGRWEPSLSRKTATFKSRAPKKKYVEEHGAGSSGVAGAPEERVRTPEEASGLGVPPRPPTSTRSSSTDTASEHSADLEDEPAEACGPGPWPPGSTSGSYDLRQLRSQRVLARRGDGLFLPAVVRQVRRSQDLGVQFPGDRALTFYEGVPGAGVDVVLDATPPPGALVVGTAVCTCVEPGVAAYREGVVVEVATKPAAYKVRLSPGPSSQPGLPGSLPQPPQPLHREPEEAVWVARSSLRLLRPPWEPETMLRKPPTGPEEEQAEPGATLPPCPAALDPKQPEDAEVSKISFGGNLGTHCEEGEEKHPPALGTPALLPLPPPQLLSPPPKSPAFVGPGRPGEQPSPCQEGSQGGSRSSSVASLEKGTAPAARARTPLTAAQQKYKKGDVVCTPSGIRKKFNGKQWRRLCSRDGCMKESQRRGYCSRHLSMRTKEMEGLADSGPGGAGRPAAVAAREGSTEFDWGDETSRDSEASSVAARGDSRPRLVAPADLSRFEFDECEAAVMLVSLGSSRSGTPSFSPVSTQSPFSPAPSPSPSPLFGFRPANFSPINASPVIQRTAVRSRHLSASTPKAGVLTPPDLGPHPPPPAPRERHSSGILPTFQTNLTFTVPISPGRRKTELLPHPGALGAPGAGGGGAAPDFPKSDSLDSGVDSVSHTPTPSTPAGFRAVSPAVPFSRSRQPSPLLLLPPPAGLTSDPGPSVRRVPAVQRDSPVIVRNPDVPLPSKFPGEVGTAGEVRAGGPGRGCRETPVPPGVASGKPGLPPPLPAPVPITVPPAAPTAVAQPMPAFGLASSPFQPVAFHPSPAALLPVLVPSSYTSHPAPKKEVIMGRPGTVWTNVEPRSVAVFPWHSLVPFLAPSQPDPSVQPSEAQQPASHPVASNQSKEPAESAAVAHERPPGGTGSADPERPPGATCPESPGPGPPHPLGVVESGKGPPPTTEEEASGPPGEPRLDSETESDHDDAFLSIMSPEIQLPLPPGKRRTQSLSALPKERDSSSEKDGRSPNKREKDHIRRPMNAFMIFSKRHRALVHQRHPNQDNRTVSKILGEWWYALGPKEKQKYHDLAFQVKEAHFKAHPDWKWCNKDRKKSSSEAKPTSLGLAGGHKETRERSMSETGTAAAPGVSSELLSVAAQTLLSSDTKAPGSSSCGAERLHTVGGPGSARPRAFSHSGVHSLDGGEVDSQALQELTQMVSGPASYSGPKPSTQYGAPGPFAAPGEGGALAATGRPPLLPTRASRSQRAASEDMTSDEERMVICEEEGDDDVIADDGFGTTDIDLKCKERVTDSESGDSSGEDPEGNKGFGRKVFSPVIRSSFTHCRPPLDPEPPGPPDPPVAFGKGYGSAPSSSASSPASSSASAATSFSLGSGTFKAQESGQGSTAGPLRPPPPGAGGPATPSKATRFLPMDPATFRRKRPESVGGLEPPGPSVIAAPPSGGGNILQTLVLPPNKEEQEGGGARVPSAPAPSLAYGAPAAPLSRPAATMVTNVVRPVSSTPVPIASKPFPTSGRAEASPNDTAGARTEMGTGSRVPGGSPLGVSLVYSDKKSAAATSPAPHLVAGPLLGTVGKAPATVTNLLVGTPGYGAPAPPAVQFIAQGAPGGGTTAGSGAGAGSGPNGPVPLGILQPGALGKAGGITQVQYILPTLPQQLQVAPAPAPAPGTKAAAPSGPAPTTSIRFTLPPGTSTNGKVLAATAPTPGIPILQSVPSAPPPKAQSVSPVQAPPPGGSAQLLPGKVLVPLAAPSMSVRGGGAGQPLPLVSPPFSVPVQNGAQPPSKIIQLTPVPVSTPSGLVPPLSPATLPGPTSQPQKVLLPSSTRITYVQSAGGHALPLGTSPASSQAGTVTSYGPTSSVALGFTSLGPSGPAFVQPLLSAGQAPLLAPGQVGVSPVPSPQLPPACAAPGGPVITAFYSGSPAPTSSAPLAQPSQAPPSLVYTVATSTTPPAATILPKGPPAPATATPAPTSPFPSATAGSMTYSLVAPKAQRPSPKAPQKVKAAIASIPVGSFEAGASGRPGPAPRQPLEPGPVREPTAPESELEGQPTPPAPPPLPETWTPTARSSPPLPPPAEERTSAKGPETMASKFPSSSSDWRVPGQGLENRGEPPTPPSPAPAPAVAPGGSSESSSGRAAGDTPERKEAAGTGKKVKVRPPPLKKTFDSVDNRVLSEVDFEERFAELPEFRPEEVLPSPTLQSLATSPRAILGSYRKKRKNSTDLDSAPEDPTSPKRKMRRRSSCSSEPNTPKSAKCEGDIFTFDRTGTEAEDVLGELEYDKVPYSSLRRTLDQRRALVMQLFQDHGFFPSAQATAAFQARYADIFPSKVCLQLKIREVRQKIMQAATPTEQPPGAEAPLPVPPPTGTAAAPAPTPSPAGGPDPTSPSSDSGTAQAAPPLPPPPESGPGQPGWEGAPQPSPPPPGPSTAATGR	MEKTELIQKAKLAEQAERYDDMATCMKAVTEQGAELSNEERNLLSVAYKNVVGGRRSAWRVISSIEQKTDTSDKKLQLIKDYREKVESELRSICTTVLELLDKYLIANATNPESKVFYLKMKGDYFRYLAEVACGDDRKQTIDNSQGAYQEAFDISKKEMQPTHPIRLGLALNFSVFYYEILNNPELACTLAKTAFDEAIAELDTLNEDSYKDSTLIMQLLRDNLTLWTSDSAGEECDAAEGAEN	False
Q9Y5I7	CLDN16	Q07157	TJP1	Human	Phos	T	303	inhibit	Inhibit	31488724	Co-IP	Renal cell carcinoma(RCC)		PTMint	MYAVDtRV***	MRDLLQYIACFFAFFSAGFLIVATWTDCWMVNADDSLEVSTKCRGLWWECVTNAFDGIRTCDEYDSILAEHPLKLVVTRALMITADILAGFGFLTLLLGLDCVKFLPDEPYIKVRICFVAGATLLIAGTPGIIGSVWYAVDVYVERSTLVLHNIFLGIQYKFGWSCWLGMAGSLGCFLAGAVLTCCLYLFKDVGPERNYPYSLRKAYSAAGVSMAKSYSAPRTETAKMYAVDTRV	MSARAAAAKSTAMEETAIWEQHTVTLHRAPGFGFGIAISGGRDNPHFQSGETSIVISDVLKGGPAEGQLQENDRVAMVNGVSMDNVEHAFAVQQLRKSGKNAKITIRRKKKVQIPVSRPDPEPVSDNEEDSYDEEIHDPRSGRSGVVNRRSEKIWPRDRSASRERSLSPRSDRRSVASSQPAKPTKVTLVKSRKNEEYGLRLASHIFVKEISQDSLAARDGNIQEGDVVLKINGTVTENMSLTDAKTLIERSKGKLKMVVQRDERATLLNVPDLSDSIHSANASERDDISEIQSLASDHSGRSHDRPPRRSRSRSPDQRSEPSDHSRHSPQQPSNGSLRSRDEERISKPGAVSTPVKHADDHTPKTVEEVTVERNEKQTPSLPEPKPVYAQVGQPDVDLPVSPSDGVLPNSTHEDGILRPSMKLVKFRKGDSVGLRLAGGNDVGIFVAGVLEDSPAAKEGLEEGDQILRVNNVDFTNIIREEAVLFLLDLPKGEEVTILAQKKKDVYRRIVESDVGDSFYIRTHFEYEKESPYGLSFNKGEVFRVVDTLYNGKLGSWLAIRIGKNHKEVERGIIPNKNRAEQLASVQYTLPKTAGGDRADFWRFRGLRSSKRNLRKSREDLSAQPVQTKFPAYERVVLREAGFLRPVTIFGPIADVAREKLAREEPDIYQIAKSEPRDAGTDQRSSGIIRLHTIKQIIDQDKHALLDVTPNAVDRLNYAQWYPIVVFLNPDSKQGVKTMRMRLCPESRKSARKLYERSHKLRKNNHHLFTTTINLNSMNDGWYGALKEAIQQQQNQLVWVSEGKADGATSDDLDLHDDRLSYLSAPGSEYSMYSTDSRHTSDYEDTDTEGGAYTDQELDETLNDEVGTPPESAITRSSEPVREDSSGMHHENQTYPPYSPQAQPQPIHRIDSPGFKPASQQKAEASSPVPYLSPETNPASSTSAVNHNVNLTNVRLEEPTPAPSTSYSPQADSLRTPSTEAAHIMLRDQEPSLSSHVDPTKVYRKDPYPEEMMRQNHVLKQPAVSHPGHRPDKEPNLTYEPQLPYVEKQASRDLEQPTYRYESSSYTDQFSRNYEHRLRYEDRVPMYEEQWSYYDDKQPYPSRPPFDNQHSQDLDSRQHPEESSERGYFPRFEEPAPLSYDSRPRYEQAPRASALRHEEQPAPGYDTHGRLRPEAQPHPSAGPKPAESKQYFEQYSRSYEQVPPQGFTSRAGHFEPLHGAAAVPPLIPSSQHKPEALPSNTKPLPPPPTQTEEEEDPAMKPQSVLTRVKMFENKRSASLETKKDVNDTGSFKPPEVASKPSGAPIIGPKPTSQNQFSEHDKTLYRIPEPQKPQLKPPEDIVRSNHYDPEEDEEYYRKQLSYFDRRSFENKPPAHIAASHLSEPAKPAHSQNQSNFSSYSSKGKPPEADGVDRSFGEKRYEPIQATPPPPPLPSQYAQPSQPVTSASLHIHSKGAHGEGNSVSLDFQNSLVSKPDPPPSQNKPATFRPPNREDTAQAAFYPQKSFPDKAPVNGTEQTQKTVTPAYNRFTPKPYTSSARPFERKFESPKFNHNLLPSETAHKPDLSSKTPTSPKTLVKSHSLAQPPEFDSGVETFSIHAEKPKYQINNISTVPKAIPVSPSAVEEDEDEDGHTVVATARGIFNSNGGVLSSIETGVSIIIPQGAIPEGVEQEIYFKVCRDNSILPPLDKEKGETLLSPLVMCGPHGLKFLKPVELRLPHCDPKTWQNKCLPGDPNYLVGANCVSVLIDHF	False
Q9Y5I7	CLDN16	Q9NQA5	TRPV5	Human	Phos	T	303	enhance	Enhance	31488724	Yeast two-hybrid, Co-IP	Renal cell carcinoma(RCC)	Luminal membrane of the distal tubular cells	PTMint	MYAVDtRV***	MRDLLQYIACFFAFFSAGFLIVATWTDCWMVNADDSLEVSTKCRGLWWECVTNAFDGIRTCDEYDSILAEHPLKLVVTRALMITADILAGFGFLTLLLGLDCVKFLPDEPYIKVRICFVAGATLLIAGTPGIIGSVWYAVDVYVERSTLVLHNIFLGIQYKFGWSCWLGMAGSLGCFLAGAVLTCCLYLFKDVGPERNYPYSLRKAYSAAGVSMAKSYSAPRTETAKMYAVDTRV	MGGFLPKAEGPGSQLQKLLPSFLVREQDWDQHLDKLHMLQQKRILESPLLRASKENDLSVLRQLLLDCTCDVRQRGALGETALHIAALYDNLEAALVLMEAAPELVFEPTTCEAFAGQTALHIAVVNQNVNLVRALLTRRASVSARATGTAFRHSPRNLIYFGEHPLSFAACVNSEEIVRLLIEHGADIRAQDSLGNTVLHILILQPNKTFACQMYNLLLSYDGHGDHLQPLDLVPNHQGLTPFKLAGVEGNTVMFQHLMQKRRHIQWTYGPLTSILYDLTEIDSWGEELSFLELVVSSDKREARQILEQTPVKELVSFKWNKYGRPYFCILAALYLLYMICFTTCCVYRPLKFRGGNRTHSRDITILQQKLLQEAYETREDIIRLVGELVSIVGAVIILLLEIPDIFRVGASRYFGKTILGGPFHVIIITYASLVLVTMVMRLTNTNGEVVPMSFALVLGWCSVMYFTRGFQMLGPFTIMIQKMIFGDLMRFCWLMAVVILGFASAFYIIFQTEDPTSLGQFYDYPMALFTTFELFLTVIDAPANYDVDLPFMFSIVNFAFTIIATLLMLNLFIAMMGDTHWRVAQERDELWRAQVVATTVMLERKLPRCLWPRSGICGCEFGLGDRWFLRVENHNDQNPLRVLRYVEVFKNSDKEDDQEHPSEKQPSGAESGTLARASLALPTSSLSRTASQSSSHRGWEILRQNTLGHLNLGLNLSEGDGEEVYHF	False
P68431	H3C1	Q92784	DPF3	Human	Ac	K	14	enhance	Enhance	20613843	Structure analysis			PTMint	RKSTGgKAPRK	MARTKQTARKSTGGKAPRKQLATKAARKSAPATGGVKKPHRYRPGTVALREIRRYQKSTELLIRKLPFQRLVREIAQDFKTDLRFQSSAVMALQEACEAYLVGLFEDTNLCAIHAKRVTIMPKDIQLARRIRGERA	MATVIHNPLKALGDQFYKEAIEHCRSYNSRLCAERSVRLPFLDSQTGVAQNNCYIWMEKRHRGPGLAPGQLYTYPARCWRKKRRLHPPEDPKLRLLEIKPEVELPLKKDGFTSESTTLEALLRGEGVEKKVDAREEESIQEIQRVLENDENVEEGNEEEDLEEDIPKRKNRTRGRARGSAGGRRRHDAASQEDHDKPYVCDICGKRYKNRPGLSYHYAHTHLASEEGDEAQDQETRSPPNHRNENHRPQKGPDGTVIPNNYCDFCLGGSNMNKKSGRPEELVSCADCGRSGHPTCLQFTLNMTEAVKTYKWQCIECKSCILCGTSENDDQLLFCDDCDRGYHMYCLNPPVAEPPEGSWSCHLCWELLKEKASAFGCQA	False
P68431	H3C1	O96028	NSD2	Human	Me	K	36	enhance	Enhance	20850016	Peptide pull-down	Breast cancer		PTMint	PATGGvKKPHR	MARTKQTARKSTGGKAPRKQLATKAARKSAPATGGVKKPHRYRPGTVALREIRRYQKSTELLIRKLPFQRLVREIAQDFKTDLRFQSSAVMALQEACEAYLVGLFEDTNLCAIHAKRVTIMPKDIQLARRIRGERA	MEFSIKQSPLSVQSVVKCIKMKQAPEILGSANGKTPSCEVNRECSVFLSKAQLSSSLQEGVMQKFNGHDALPFIPADKLKDLTSRVFNGEPGAHDAKLRFESQEMKGIGTPPNTTPIKNGSPEIKLKITKTYMNGKPLFESSICGDSAADVSQSEENGQKPENKARRNRKRSIKYDSLLEQGLVEAALVSKISSPSDKKIPAKKESCPNTGRDKDHLLKYNVGDLVWSKVSGYPWWPCMVSADPLLHSYTKLKGQKKSARQYHVQFFGDAPERAWIFEKSLVAFEGEGQFEKLCQESAKQAPTKAEKIKLLKPISGKLRAQWEMGIVQAEEAASMSVEERKAKFTFLYVGDQLHLNPQVAKEAGIAAESLGEMAESSGVSEEAAENPKSVREECIPMKRRRRAKLCSSAETLESHPDIGKSTPQKTAEADPRRGVGSPPGRKKTTVSMPRSRKGDAASQFLVFCQKHRDEVVAEHPDASGEEIEELLRSQWSLLSEKQRARYNTKFALVAPVQAEEDSGNVNGKKRNHTKRIQDPTEDAEAEDTPRKRLRTDKHSLRKRDTITDKTARTSSYKAMEAASSLKSQAATKNLSDACKPLKKRNRASTAASSALGFSKSSSPSASLTENEVSDSPGDEPSESPYESADETQTEVSVSSKKSERGVTAKKEYVCQLCEKPGSLLLCEGPCCGAFHLACLGLSRRPEGRFTCSECASGIHSCFVCKESKTDVKRCVVTQCGKFYHEACVKKYPLTVFESRGFRCPLHSCVSCHASNPSNPRPSKGKMMRCVRCPVAYHSGDACLAAGCSVIASNSIICTAHFTARKGKRHHAHVNVSWCFVCSKGGSLLCCESCPAAFHPDCLNIEMPDGSWFCNDCRAGKKLHFQDIIWVKLGNYRWWPAEVCHPKNVPPNIQKMKHEIGEFPVFFFGSKDYYWTHQARVFPYMEGDRGSRYQGVRGIGRVFKNALQEAEARFREIKLQREARETQESERKPPPYKHIKVNKPYGKVQIYTADISEIPKCNCKPTDENPCGFDSECLNRMLMFECHPQVCPAGEFCQNQCFTKRQYPETKIIKTDGKGWGLVAKRDIRKGEFVNEYVGELIDEEECMARIKHAHENDITHFYMLTIDKDRIIDAGPKGNYSRFMNHSCQPNCETLKWTVNGDTRVGLFAVCDIPAGTELTFNYNLDCLGNEKTVCRCGASNCSGFLGDRPKTSTTLSSEEKGKKTKKKTRRRRAKGEGKRQSEDECFRCGDGGQLVLCDRKFCTKAYHLSCLGLGKRPFGKWECPWHHCDVCGKPSTSFCHLCPNSFCKEHQDGTAFSCTPDGRSYCCEHDLGAASVRSTKTEKPPPEPGKPKGKRRRRRGWRRVTEGK	False
P68431	H3C1	Q9UPN9	TRIM33	Human	Ac	K	18	enhance	Enhance	21726812	Co-IP	Breast cancer		PTMint	GGKAPrKQLAT	MARTKQTARKSTGGKAPRKQLATKAARKSAPATGGVKKPHRYRPGTVALREIRRYQKSTELLIRKLPFQRLVREIAQDFKTDLRFQSSAVMALQEACEAYLVGLFEDTNLCAIHAKRVTIMPKDIQLARRIRGERA	MAENKGGGEAESGGGGSGSAPVTAGAAGPAAQEAEPPLTAVLVEEEEEEGGRAGAEGGAAGPDDGGVAAASSGSAQAASSPAASVGTGVAGGAVSTPAPAPASAPAPGPSAGPPPGPPASLLDTCAVCQQSLQSRREAEPKLLPCLHSFCLRCLPEPERQLSVPIPGGSNGDIQQVGVIRCPVCRQECRQIDLVDNYFVKDTSEAPSSSDEKSEQVCTSCEDNASAVGFCVECGEWLCKTCIEAHQRVKFTKDHLIRKKEDVSESVGASGQRPVFCPVHKQEQLKLFCETCDRLTCRDCQLLEHKEHRYQFLEEAFQNQKGAIENLLAKLLEKKNYVHFAATQVQNRIKEVNETNKRVEQEIKVAIFTLINEINKKGKSLLQQLENVTKERQMKLLQQQNDITGLSRQVKHVMNFTNWAIASGSSTALLYSKRLITFQLRHILKARCDPVPAANGAIRFHCDPTFWAKNVVNLGNLVIESKPAPGYTPNVVVGQVPPGTNHISKTPGQINLAQLRLQHMQQQVYAQKHQQLQQMRMQQPPAPVPTTTTTTQQHPRQAAPQMLQQQPPRLISVQTMQRGNMNCGAFQAHQMRLAQNAARIPGIPRHSGPQYSMMQPHLQRQHSNPGHAGPFPVVSVHNTTINPTSPTTATMANANRGPTSPSVTAIELIPSVTNPENLPSLPDIPPIQLEDAGSSSLDNLLSRYISGSHLPPQPTSTMNPSPGPSALSPGSSGLSNSHTPVRPPSTSSTGSRGSCGSSGRTAEKTSLSFKSDQVKVKQEPGTEDEICSFSGGVKQEKTEDGRRSACMLSSPESSLTPPLSTNLHLESELDALASLENHVKIEPADMNESCKQSGLSSLVNGKSPIRSLMHRSARIGGDGNNKDDDPNEDWCAVCQNGGDLLCCEKCPKVFHLTCHVPTLLSFPSGDWICTFCRDIGKPEVEYDCDNLQHSKKGKTAQGLSPVDQRKCERLLLYLYCHELSIEFQEPVPASIPNYYKIIKKPMDLSTVKKKLQKKHSQHYQIPDDFVADVRLIFKNCERFNEMMKVVQVYADTQEINLKADSEVAQAGKAVALYFEDKLTEIYSDRTFAPLPEFEQEEDDGEVTEDSDEDFIQPRRKRLKSDERPVHIK	False
P62805	H4C1	Q9Y294	ASF1A	Human	Phos	S	47	enhance	Enhance	21724829	Co-IP	Aging, Cancers		PTMint	GGVKRiSGLIY	MSGRGKGGKGLGKGGAKRHRKVLRDNIQGITKPAIRRLARRGGVKRISGLIYEETRGVLKVFLENVIRDAVTYTEHAKRKTVTAMDVVYALKRQGRTLYGFGG	MAKVQVNNVVVLDNPSPFYNPFQFEITFECIEDLSEDLEWKIIYVGSAESEEYDQVLDSVLVGPVPAGRHMFVFQADAPNPGLIPDADAVGVTVVLITCTYRGQEFIRVGYYVNNEYTETELRENPPVKPDFSKLQRNILASNPRVTRFHINWEDNTEKLEDAESSNPNLQSLLSTDALPSASKGWSTSENSLNVMLESHMDCM	False
P62805	H4C1	Q9NVP2	ASF1B	Human	Phos	S	47	enhance	Enhance	21724829	Co-IP	Aging, Cancers		PTMint	GGVKRiSGLIY	MSGRGKGGKGLGKGGAKRHRKVLRDNIQGITKPAIRRLARRGGVKRISGLIYEETRGVLKVFLENVIRDAVTYTEHAKRKTVTAMDVVYALKRQGRTLYGFGG	MAKVSVLNVAVLENPSPFHSPFRFEISFECSEALADDLEWKIIYVGSAESEEFDQILDSVLVGPVPAGRHMFVFQADAPNPSLIPETDAVGVTVVLITCTYHGQEFIRVGYYVNNEYLNPELRENPPMKPDFSQLQRNILASNPRVTRFHINWDNNMDRLEAIETQDPSLGCGLPLNCTPIKGLGLPGCIPGLLPENSMDCI	False
P62805	H4C1	Q9NVP2	ASF1B	Human	Phos	S	47	enhance	Enhance	21724829	Co-IP	Aging, Cancers		PTMint	GGVKRiSGLIY	MSGRGKGGKGLGKGGAKRHRKVLRDNIQGITKPAIRRLARRGGVKRISGLIYEETRGVLKVFLENVIRDAVTYTEHAKRKTVTAMDVVYALKRQGRTLYGFGG	MAKVSVLNVAVLENPSPFHSPFRFEISFECSEALADDLEWKIIYVGSAESEEFDQILDSVLVGPVPAGRHMFVFQADAPNPSLIPETDAVGVTVVLITCTYHGQEFIRVGYYVNNEYLNPELRENPPMKPDFSQLQRNILASNPRVTRFHINWDNNMDRLEAIETQDPSLGCGLPLNCTPIKGLGLPGCIPGLLPENSMDCI	False
P62805	H4C1	Q9UER7	DAXX	Human	Phos	S	47	inhibit	Inhibit	21724829	Co-IP	Aging, Cancers		PTMint	GGVKRiSGLIY	MSGRGKGGKGLGKGGAKRHRKVLRDNIQGITKPAIRRLARRGGVKRISGLIYEETRGVLKVFLENVIRDAVTYTEHAKRKTVTAMDVVYALKRQGRTLYGFGG	MATANSIIVLDDDDEDEAAAQPGPSHPLPNAASPGAEAPSSSEPHGARGSSSSGGKKCYKLENEKLFEEFLELCKMQTADHPEVVPFLYNRQQRAHSLFLASAEFCNILSRVLSRARSRPAKLYVYINELCTVLKAHSAKKKLNLAPAATTSNEPSGNNPPTHLSLDPTNAENTASQSPRTRGSRRQIQRLEQLLALYVAEIRRLQEKELDLSELDDPDSAYLQEARLKRKLIRLFGRLCELKDCSSLTGRVIEQRIPYRGTRYPEVNRRIERLINKPGPDTFPDYGDVLRAVEKAAARHSLGLPRQQLQLMAQDAFRDVGIRLQERRHLDLIYNFGCHLTDDYRPGVDPALSDPVLARRLRENRSLAMSRLDEVISKYAMLQDKSEEGERKKRRARLQGTSSHSADTPEASLDSGEGPSGMASQGCPSASRAETDDEDDEESDEEEEEEEEEEEEEATDSEEEEDLEQMQEGQEDDEEEDEEEEAAAGKDGDKSPMSSLQISNEKNLEPGKQISRSSGEQQNKGRIVSPSLLSEEPLAPSSIDAESNGEQPEELTLEEESPVSQLFELEIEALPLDTPSSVETDISSSRKQSEEPFTTVLENGAGMVSSTSFNGGVSPHNWGDSGPPCKKSRKEKKQTGSGPLGNSYVERQRSVHEKNGKKICTLPSPPSPLASLAPVADSSTRVDSPSHGLVTSSLCIPSPARLSQTPHSQPPRPGTCKTSVATQCDPEEIIVLSDSD	False
P62805	H4C1	Q9UER7	DAXX	Human	Phos	S	47	inhibit	Inhibit	21724829	Co-IP	Aging, Cancers		PTMint	GGVKRiSGLIY	MSGRGKGGKGLGKGGAKRHRKVLRDNIQGITKPAIRRLARRGGVKRISGLIYEETRGVLKVFLENVIRDAVTYTEHAKRKTVTAMDVVYALKRQGRTLYGFGG	MATANSIIVLDDDDEDEAAAQPGPSHPLPNAASPGAEAPSSSEPHGARGSSSSGGKKCYKLENEKLFEEFLELCKMQTADHPEVVPFLYNRQQRAHSLFLASAEFCNILSRVLSRARSRPAKLYVYINELCTVLKAHSAKKKLNLAPAATTSNEPSGNNPPTHLSLDPTNAENTASQSPRTRGSRRQIQRLEQLLALYVAEIRRLQEKELDLSELDDPDSAYLQEARLKRKLIRLFGRLCELKDCSSLTGRVIEQRIPYRGTRYPEVNRRIERLINKPGPDTFPDYGDVLRAVEKAAARHSLGLPRQQLQLMAQDAFRDVGIRLQERRHLDLIYNFGCHLTDDYRPGVDPALSDPVLARRLRENRSLAMSRLDEVISKYAMLQDKSEEGERKKRRARLQGTSSHSADTPEASLDSGEGPSGMASQGCPSASRAETDDEDDEESDEEEEEEEEEEEEEATDSEEEEDLEQMQEGQEDDEEEDEEEEAAAGKDGDKSPMSSLQISNEKNLEPGKQISRSSGEQQNKGRIVSPSLLSEEPLAPSSIDAESNGEQPEELTLEEESPVSQLFELEIEALPLDTPSSVETDISSSRKQSEEPFTTVLENGAGMVSSTSFNGGVSPHNWGDSGPPCKKSRKEKKQTGSGPLGNSYVERQRSVHEKNGKKICTLPSPPSPLASLAPVADSSTRVDSPSHGLVTSSLCIPSPARLSQTPHSQPPRPGTCKTSVATQCDPEEIIVLSDSD	False
P62805	H4C1	Q9UER7	DAXX	Human	Phos	S	47	inhibit	Inhibit	21724829	Co-IP	Aging, Cancers		PTMint	GGVKRiSGLIY	MSGRGKGGKGLGKGGAKRHRKVLRDNIQGITKPAIRRLARRGGVKRISGLIYEETRGVLKVFLENVIRDAVTYTEHAKRKTVTAMDVVYALKRQGRTLYGFGG	MATANSIIVLDDDDEDEAAAQPGPSHPLPNAASPGAEAPSSSEPHGARGSSSSGGKKCYKLENEKLFEEFLELCKMQTADHPEVVPFLYNRQQRAHSLFLASAEFCNILSRVLSRARSRPAKLYVYINELCTVLKAHSAKKKLNLAPAATTSNEPSGNNPPTHLSLDPTNAENTASQSPRTRGSRRQIQRLEQLLALYVAEIRRLQEKELDLSELDDPDSAYLQEARLKRKLIRLFGRLCELKDCSSLTGRVIEQRIPYRGTRYPEVNRRIERLINKPGPDTFPDYGDVLRAVEKAAARHSLGLPRQQLQLMAQDAFRDVGIRLQERRHLDLIYNFGCHLTDDYRPGVDPALSDPVLARRLRENRSLAMSRLDEVISKYAMLQDKSEEGERKKRRARLQGTSSHSADTPEASLDSGEGPSGMASQGCPSASRAETDDEDDEESDEEEEEEEEEEEEEATDSEEEEDLEQMQEGQEDDEEEDEEEEAAAGKDGDKSPMSSLQISNEKNLEPGKQISRSSGEQQNKGRIVSPSLLSEEPLAPSSIDAESNGEQPEELTLEEESPVSQLFELEIEALPLDTPSSVETDISSSRKQSEEPFTTVLENGAGMVSSTSFNGGVSPHNWGDSGPPCKKSRKEKKQTGSGPLGNSYVERQRSVHEKNGKKICTLPSPPSPLASLAPVADSSTRVDSPSHGLVTSSLCIPSPARLSQTPHSQPPRPGTCKTSVATQCDPEEIIVLSDSD	False
P62805	H4C1	Q9UER7	DAXX	Human	Phos	S	47	inhibit	Inhibit	21724829	Co-IP	Aging, Cancers		PTMint	GGVKRiSGLIY	MSGRGKGGKGLGKGGAKRHRKVLRDNIQGITKPAIRRLARRGGVKRISGLIYEETRGVLKVFLENVIRDAVTYTEHAKRKTVTAMDVVYALKRQGRTLYGFGG	MATANSIIVLDDDDEDEAAAQPGPSHPLPNAASPGAEAPSSSEPHGARGSSSSGGKKCYKLENEKLFEEFLELCKMQTADHPEVVPFLYNRQQRAHSLFLASAEFCNILSRVLSRARSRPAKLYVYINELCTVLKAHSAKKKLNLAPAATTSNEPSGNNPPTHLSLDPTNAENTASQSPRTRGSRRQIQRLEQLLALYVAEIRRLQEKELDLSELDDPDSAYLQEARLKRKLIRLFGRLCELKDCSSLTGRVIEQRIPYRGTRYPEVNRRIERLINKPGPDTFPDYGDVLRAVEKAAARHSLGLPRQQLQLMAQDAFRDVGIRLQERRHLDLIYNFGCHLTDDYRPGVDPALSDPVLARRLRENRSLAMSRLDEVISKYAMLQDKSEEGERKKRRARLQGTSSHSADTPEASLDSGEGPSGMASQGCPSASRAETDDEDDEESDEEEEEEEEEEEEEATDSEEEEDLEQMQEGQEDDEEEDEEEEAAAGKDGDKSPMSSLQISNEKNLEPGKQISRSSGEQQNKGRIVSPSLLSEEPLAPSSIDAESNGEQPEELTLEEESPVSQLFELEIEALPLDTPSSVETDISSSRKQSEEPFTTVLENGAGMVSSTSFNGGVSPHNWGDSGPPCKKSRKEKKQTGSGPLGNSYVERQRSVHEKNGKKICTLPSPPSPLASLAPVADSSTRVDSPSHGLVTSSLCIPSPARLSQTPHSQPPRPGTCKTSVATQCDPEEIIVLSDSD	False
P62805	H4C1	Q9UER7	DAXX	Human	Phos	S	47	inhibit	Inhibit	21724829	Co-IP	Aging, Cancers		PTMint	GGVKRiSGLIY	MSGRGKGGKGLGKGGAKRHRKVLRDNIQGITKPAIRRLARRGGVKRISGLIYEETRGVLKVFLENVIRDAVTYTEHAKRKTVTAMDVVYALKRQGRTLYGFGG	MATANSIIVLDDDDEDEAAAQPGPSHPLPNAASPGAEAPSSSEPHGARGSSSSGGKKCYKLENEKLFEEFLELCKMQTADHPEVVPFLYNRQQRAHSLFLASAEFCNILSRVLSRARSRPAKLYVYINELCTVLKAHSAKKKLNLAPAATTSNEPSGNNPPTHLSLDPTNAENTASQSPRTRGSRRQIQRLEQLLALYVAEIRRLQEKELDLSELDDPDSAYLQEARLKRKLIRLFGRLCELKDCSSLTGRVIEQRIPYRGTRYPEVNRRIERLINKPGPDTFPDYGDVLRAVEKAAARHSLGLPRQQLQLMAQDAFRDVGIRLQERRHLDLIYNFGCHLTDDYRPGVDPALSDPVLARRLRENRSLAMSRLDEVISKYAMLQDKSEEGERKKRRARLQGTSSHSADTPEASLDSGEGPSGMASQGCPSASRAETDDEDDEESDEEEEEEEEEEEEEATDSEEEEDLEQMQEGQEDDEEEDEEEEAAAGKDGDKSPMSSLQISNEKNLEPGKQISRSSGEQQNKGRIVSPSLLSEEPLAPSSIDAESNGEQPEELTLEEESPVSQLFELEIEALPLDTPSSVETDISSSRKQSEEPFTTVLENGAGMVSSTSFNGGVSPHNWGDSGPPCKKSRKEKKQTGSGPLGNSYVERQRSVHEKNGKKICTLPSPPSPLASLAPVADSSTRVDSPSHGLVTSSLCIPSPARLSQTPHSQPPRPGTCKTSVATQCDPEEIIVLSDSD	False
P62805	H4C1	Q9UER7	DAXX	Human	Phos	S	47	inhibit	Inhibit	21724829	Co-IP	Aging, Cancers		PTMint	GGVKRiSGLIY	MSGRGKGGKGLGKGGAKRHRKVLRDNIQGITKPAIRRLARRGGVKRISGLIYEETRGVLKVFLENVIRDAVTYTEHAKRKTVTAMDVVYALKRQGRTLYGFGG	MATANSIIVLDDDDEDEAAAQPGPSHPLPNAASPGAEAPSSSEPHGARGSSSSGGKKCYKLENEKLFEEFLELCKMQTADHPEVVPFLYNRQQRAHSLFLASAEFCNILSRVLSRARSRPAKLYVYINELCTVLKAHSAKKKLNLAPAATTSNEPSGNNPPTHLSLDPTNAENTASQSPRTRGSRRQIQRLEQLLALYVAEIRRLQEKELDLSELDDPDSAYLQEARLKRKLIRLFGRLCELKDCSSLTGRVIEQRIPYRGTRYPEVNRRIERLINKPGPDTFPDYGDVLRAVEKAAARHSLGLPRQQLQLMAQDAFRDVGIRLQERRHLDLIYNFGCHLTDDYRPGVDPALSDPVLARRLRENRSLAMSRLDEVISKYAMLQDKSEEGERKKRRARLQGTSSHSADTPEASLDSGEGPSGMASQGCPSASRAETDDEDDEESDEEEEEEEEEEEEEATDSEEEEDLEQMQEGQEDDEEEDEEEEAAAGKDGDKSPMSSLQISNEKNLEPGKQISRSSGEQQNKGRIVSPSLLSEEPLAPSSIDAESNGEQPEELTLEEESPVSQLFELEIEALPLDTPSSVETDISSSRKQSEEPFTTVLENGAGMVSSTSFNGGVSPHNWGDSGPPCKKSRKEKKQTGSGPLGNSYVERQRSVHEKNGKKICTLPSPPSPLASLAPVADSSTRVDSPSHGLVTSSLCIPSPARLSQTPHSQPPRPGTCKTSVATQCDPEEIIVLSDSD	False
Q8N423	LILRB2	P41240	CSK	Human	Phos	Y	562	enhance	Enhance	15474475	Peptide pull-down	Leukemia		PTMint	PQDVTyAQLHS	MTPIVTVLICLGLSLGPRTRVQTGTIPKPTLWAEPDSVITQGSPVTLSCQGSLEAQEYRLYREKKSASWITRIRPELVKNGQFHIPSITWEHTGRYGCQYYSRARWSELSDPLVLVMTGAYPKPTLSAQPSPVVTSGGRVTLQCESQVAFGGFILCKEGEDEHPQCLNSQPHARGSSRAIFSVGPVSPNRRWSHRCYGYDLNSPYVWSSPSDLLELLVPGVSKKPSLSVQPGPVMAPGESLTLQCVSDVGYDRFVLYKEGERDLRQLPGRQPQAGLSQANFTLGPVSRSYGGQYRCYGAHNLSSECSAPSDPLDILITGQIRGTPFISVQPGPTVASGENVTLLCQSWRQFHTFLLTKAGAADAPLRLRSIHEYPKYQAEFPMSPVTSAHAGTYRCYGSLNSDPYLLSHPSEPLELVVSGPSMGSSPPPTGPISTPGPEDQPLTPTGSDPQSGLGRHLGVVIGILVAVVLLLLLLLLLFLILRHRRQGKHWTSTQRKADFQHPAGAVGPEPTDRGLQWRSSPAADAQEENLYAAVKDTQPEDGVEMDTRAAASEAPQDVTYAQLHSLTLRRKATEPPPSQEREPPAEPSIYATLAIH	MSAIQAAWPSGTECIAKYNFHGTAEQDLPFCKGDVLTIVAVTKDPNWYKAKNKVGREGIIPANYVQKREGVKAGTKLSLMPWFHGKITREQAERLLYPPETGLFLVRESTNYPGDYTLCVSCDGKVEHYRIMYHASKLSIDEEVYFENLMQLVEHYTSDADGLCTRLIKPKVMEGTVAAQDEFYRSGWALNMKELKLLQTIGKGEFGDVMLGDYRGNKVAVKCIKNDATAQAFLAEASVMTQLRHSNLVQLLGVIVEEKGGLYIVTEYMAKGSLVDYLRSRGRSVLGGDCLLKFSLDVCEAMEYLEGNNFVHRDLAARNVLVSEDNVAKVSDFGLTKEASSTQDTGKLPVKWTAPEALREKKFSTKSDVWSFGILLWEIYSFGRVPYPRIPLKDVVPRVEKGYKMDAPDGCPPAVYEVMKNCWHLDAAMRPSFLQLREQLEHIKTHELHL	False
Q8N423	LILRB2	P29350	PTPN6	Human	Phos	Y	562	enhance	Enhance	15474475	Peptide pull-down	Leukemia		PTMint	PQDVTyAQLHS	MTPIVTVLICLGLSLGPRTRVQTGTIPKPTLWAEPDSVITQGSPVTLSCQGSLEAQEYRLYREKKSASWITRIRPELVKNGQFHIPSITWEHTGRYGCQYYSRARWSELSDPLVLVMTGAYPKPTLSAQPSPVVTSGGRVTLQCESQVAFGGFILCKEGEDEHPQCLNSQPHARGSSRAIFSVGPVSPNRRWSHRCYGYDLNSPYVWSSPSDLLELLVPGVSKKPSLSVQPGPVMAPGESLTLQCVSDVGYDRFVLYKEGERDLRQLPGRQPQAGLSQANFTLGPVSRSYGGQYRCYGAHNLSSECSAPSDPLDILITGQIRGTPFISVQPGPTVASGENVTLLCQSWRQFHTFLLTKAGAADAPLRLRSIHEYPKYQAEFPMSPVTSAHAGTYRCYGSLNSDPYLLSHPSEPLELVVSGPSMGSSPPPTGPISTPGPEDQPLTPTGSDPQSGLGRHLGVVIGILVAVVLLLLLLLLLFLILRHRRQGKHWTSTQRKADFQHPAGAVGPEPTDRGLQWRSSPAADAQEENLYAAVKDTQPEDGVEMDTRAAASEAPQDVTYAQLHSLTLRRKATEPPPSQEREPPAEPSIYATLAIH	MVRWFHRDLSGLDAETLLKGRGVHGSFLARPSRKNQGDFSLSVRVGDQVTHIRIQNSGDFYDLYGGEKFATLTELVEYYTQQQGVLQDRDGTIIHLKYPLNCSDPTSERWYHGHMSGGQAETLLQAKGEPWTFLVRESLSQPGDFVLSVLSDQPKAGPGSPLRVTHIKVMCEGGRYTVGGLETFDSLTDLVEHFKKTGIEEASGAFVYLRQPYYATRVNAADIENRVLELNKKQESEDTAKAGFWEEFESLQKQEVKNLHQRLEGQRPENKGKNRYKNILPFDHSRVILQGRDSNIPGSDYINANYIKNQLLGPDENAKTYIASQGCLEATVNDFWQMAWQENSRVIVMTTREVEKGRNKCVPYWPEVGMQRAYGPYSVTNCGEHDTTEYKLRTLQVSPLDNGDLIREIWHYQYLSWPDHGVPSEPGGVLSFLDQINQRQESLPHAGPIIVHCSAGIGRTGTIIVIDMLMENISTKGLDCDIDIQKTIQMVRAQRSGMVQTEAQYKFIYVAIAQFIETTKKKLEVLQSQKGQESEYGNITYPPAMKNAHAKASRTSSKHKEDVYENLHTKNKREEKVKKQRSADKEKSKGSLKRK	False
Q52LA3	LIN52	P56945	BCAR1	Human	Phos	S	28	enhance	Enhance	21498570	Co-IP			PTMint	KLDRAsPDLWP	MASPTDGTDLEASLLSFEKLDRASPDLWPEQLPGVAEFAASFKSPITSSPPKWMAEIERDDIDMLKELGSLTTANLMEKVRGLQNLAYQLGLDESREMTRGKFLNILEKPKK	MNHLNVLAKALYDNVAESPDELSFRKGDIMTVLEQDTQGLDGWWLCSLHGRQGIVPGNRLKILVGMYDKKPAGPGPGPPATPAQPQPGLHAPAPPASQYTPMLPNTYQPQPDSVYLVPTPSKAQQGLYQVPGPSPQFQSPPAKQTSTFSKQTPHHPFPSPATDLYQVPPGPGGPAQDIYQVPPSAGMGHDIYQVPPSMDTRSWEGTKPPAKVVVPTRVGQGYVYEAAQPEQDEYDIPRHLLAPGPQDIYDVPPVRGLLPSQYGQEVYDTPPMAVKGPNGRDPLLEVYDVPPSVEKGLPPSNHHAVYDVPPSVSKDVPDGPLLREETYDVPPAFAKAKPFDPARTPLVLAAPPPDSPPAEDVYDVPPPAPDLYDVPPGLRRPGPGTLYDVPRERVLPPEVADGGVVDSGVYAVPPPAEREAPAEGKRLSASSTGSTRSSQSASSLEVAGPGREPLELEVAVEALARLQQGVSATVAHLLDLAGSAGATGSWRSPSEPQEPLVQDLQAAVAAVQSAVHELLEFARSAVGNAAHTSDRALHAKLSRQLQKMEDVHQTLVAHGQALDAGRGGSGATLEDLDRLVACSRAVPEDAKQLASFLHGNASLLFRRTKATAPGPEGGGTLHPNPTDKTSSIQSRPLPSPPKFTSQDSPDGQYENSEGGWMEDYDYVHLQGKEEFEKTQKELLEKGSITRQGKSQLELQQLKQFERLEQEVSRPIDHDLANWTPAQPLAPGRTGGLGPSDRQLLLFYLEQCEANLTTLTNAVDAFFTAVATNQPPKIFVAHSKFVILSAHKLVFIGDTLSRQAKAADVRSQVTHYSNLLCDLLRGIVATTKAAALQYPSPSAAQDMVERVKELGHSTQQFRRVLGQLAAA	False
P01106	MYC	O14965	AURKA	Human	Phos	T	58	enhance	Enhance	27213815	Peptide pull-down	Hepatocellular carcinoma(HCC)		PTMint	FELLPtPPLSP	MDFFRVVENQQPPATMPLNVSFTNRNYDLDYDSVQPYFYCDEEENFYQQQQQSELQPPAPSEDIWKKFELLPTPPLSPSRRSGLCSPSYVAVTPFSLRGDNDGGGGSFSTADQLEMVTELLGGDMVNQSFICDPDDETFIKNIIIQDCMWSGFSAAAKLVSEKLASYQAARKDSGSPNPARGHSVCSTSSLYLQDLSAAASECIDPSVVFPYPLNDSSSPKSCASQDSSAFSPSSDSLLSSTESSPQGSPEPLVLHEETPPTTSSDSEEEQEDEEEIDVVSVEKRQAPGKRSESGSPSAGGHSKPPHSPLVLKRCHVSTHQHNYAAPPSTRKDYPAAKRVKLDSVRVLRQISNNRKCTSPRSSDTEENVKRRTHNVLERQRRNELKRSFFALRDQIPELENNEKAPKVVILKKATAYILSVQAEEQKLISEEDLLRKRREQLKHKLEQLRNSCA	MDRSKENCISGPVKATAPVGGPKRVLVTQQFPCQNPLPVNSGQAQRVLCPSNSSQRIPLQAQKLVSSHKPVQNQKQKQLQATSVPHPVSRPLNNTQKSKQPLPSAPENNPEEELASKQKNEESKKRQWALEDFEIGRPLGKGKFGNVYLAREKQSKFILALKVLFKAQLEKAGVEHQLRREVEIQSHLRHPNILRLYGYFHDATRVYLILEYAPLGTVYRELQKLSKFDEQRTATYITELANALSYCHSKRVIHRDIKPENLLLGSAGELKIADFGWSVHAPSSRRTTLCGTLDYLPPEMIEGRMHDEKVDLWSLGVLCYEFLVGKPPFEANTYQETYKRISRVEFTFPDFVTEGARDLISRLLKHNPSQRPMLREVLEHPWITANSSKPSNCQNKESASKQS	False
P01106	MYC	O14965	AURKA	Human	Phos	S	62	enhance	Enhance	27213815	Peptide pull-down	Hepatocellular carcinoma(HCC)		PTMint	PTPPLsPSRRS	MDFFRVVENQQPPATMPLNVSFTNRNYDLDYDSVQPYFYCDEEENFYQQQQQSELQPPAPSEDIWKKFELLPTPPLSPSRRSGLCSPSYVAVTPFSLRGDNDGGGGSFSTADQLEMVTELLGGDMVNQSFICDPDDETFIKNIIIQDCMWSGFSAAAKLVSEKLASYQAARKDSGSPNPARGHSVCSTSSLYLQDLSAAASECIDPSVVFPYPLNDSSSPKSCASQDSSAFSPSSDSLLSSTESSPQGSPEPLVLHEETPPTTSSDSEEEQEDEEEIDVVSVEKRQAPGKRSESGSPSAGGHSKPPHSPLVLKRCHVSTHQHNYAAPPSTRKDYPAAKRVKLDSVRVLRQISNNRKCTSPRSSDTEENVKRRTHNVLERQRRNELKRSFFALRDQIPELENNEKAPKVVILKKATAYILSVQAEEQKLISEEDLLRKRREQLKHKLEQLRNSCA	MDRSKENCISGPVKATAPVGGPKRVLVTQQFPCQNPLPVNSGQAQRVLCPSNSSQRIPLQAQKLVSSHKPVQNQKQKQLQATSVPHPVSRPLNNTQKSKQPLPSAPENNPEEELASKQKNEESKKRQWALEDFEIGRPLGKGKFGNVYLAREKQSKFILALKVLFKAQLEKAGVEHQLRREVEIQSHLRHPNILRLYGYFHDATRVYLILEYAPLGTVYRELQKLSKFDEQRTATYITELANALSYCHSKRVIHRDIKPENLLLGSAGELKIADFGWSVHAPSSRRTTLCGTLDYLPPEMIEGRMHDEKVDLWSLGVLCYEFLVGKPPFEANTYQETYKRISRVEFTFPDFVTEGARDLISRLLKHNPSQRPMLREVLEHPWITANSSKPSNCQNKESASKQS	False
P01106	MYC	O15169	AXIN1	Human	Phos	S	62	enhance	Enhance	19131971	Co-IP	Osteosarcoma		PTMint	PTPPLsPSRRS	MDFFRVVENQQPPATMPLNVSFTNRNYDLDYDSVQPYFYCDEEENFYQQQQQSELQPPAPSEDIWKKFELLPTPPLSPSRRSGLCSPSYVAVTPFSLRGDNDGGGGSFSTADQLEMVTELLGGDMVNQSFICDPDDETFIKNIIIQDCMWSGFSAAAKLVSEKLASYQAARKDSGSPNPARGHSVCSTSSLYLQDLSAAASECIDPSVVFPYPLNDSSSPKSCASQDSSAFSPSSDSLLSSTESSPQGSPEPLVLHEETPPTTSSDSEEEQEDEEEIDVVSVEKRQAPGKRSESGSPSAGGHSKPPHSPLVLKRCHVSTHQHNYAAPPSTRKDYPAAKRVKLDSVRVLRQISNNRKCTSPRSSDTEENVKRRTHNVLERQRRNELKRSFFALRDQIPELENNEKAPKVVILKKATAYILSVQAEEQKLISEEDLLRKRREQLKHKLEQLRNSCA	MNIQEQGFPLDLGASFTEDAPRPPVPGEEGELVSTDPRPASYSFCSGKGVGIKGETSTATPRRSDLDLGYEPEGSASPTPPYLKWAESLHSLLDDQDGISLFRTFLKQEGCADLLDFWFACTGFRKLEPCDSNEEKRLKLARAIYRKYILDNNGIVSRQTKPATKSFIKGCIMKQLIDPAMFDQAQTEIQATMEENTYPSFLKSDIYLEYTRTGSESPKVCSDQSSGSGTGKGISGYLPTLNEDEEWKCDQDMDEDDGRDAAPPGRLPQKLLLETAAPRVSSSRRYSEGREFRYGSWREPVNPYYVNAGYALAPATSANDSEQQSLSSDADTLSLTDSSVDGIPPYRIRKQHRREMQESVQVNGRVPLPHIPRTYRVPKEVRVEPQKFAEELIHRLEAVQRTREAEEKLEERLKRVRMEEEGEDGDPSSGPPGPCHKLPPAPAWHHFPPRCVDMGCAGLRDAHEENPESILDEHVQRVLRTPGRQSPGPGHRSPDSGHVAKMPVALGGAASGHGKHVPKSGAKLDAAGLHHHRHVHHHVHHSTARPKEQVEAEATRRAQSSFAWGLEPHSHGARSRGYSESVGAAPNASDGLAHSGKVGVACKRNAKKAESGKSASTEVPGASEDAEKNQKIMQWIIEGEKEISRHRRTGHGSSGTRKPQPHENSRPLSLEHPWAGPQLRTSVQPSHLFIQDPTMPPHPAPNPLTQLEEARRRLEEEEKRASRAPSKQRYVQEVMRRGRACVRPACAPVLHVVPAVSDMELSETETRSQRKVGGGSAQPCDSIVVAYYFCGEPIPYRTLVRGRAVTLGQFKELLTKKGSYRYYFKKVSDEFDCGVVFEEVREDEAVLPVFEEKIIGKVEKVD	False
P01106	MYC	Q6P1J9	CDC73	Human	Phos	T	58	enhance	Enhance	26687678	Peptide pull-down	Cervical cancer		PTMint	FELLPtPPLSP	MDFFRVVENQQPPATMPLNVSFTNRNYDLDYDSVQPYFYCDEEENFYQQQQQSELQPPAPSEDIWKKFELLPTPPLSPSRRSGLCSPSYVAVTPFSLRGDNDGGGGSFSTADQLEMVTELLGGDMVNQSFICDPDDETFIKNIIIQDCMWSGFSAAAKLVSEKLASYQAARKDSGSPNPARGHSVCSTSSLYLQDLSAAASECIDPSVVFPYPLNDSSSPKSCASQDSSAFSPSSDSLLSSTESSPQGSPEPLVLHEETPPTTSSDSEEEQEDEEEIDVVSVEKRQAPGKRSESGSPSAGGHSKPPHSPLVLKRCHVSTHQHNYAAPPSTRKDYPAAKRVKLDSVRVLRQISNNRKCTSPRSSDTEENVKRRTHNVLERQRRNELKRSFFALRDQIPELENNEKAPKVVILKKATAYILSVQAEEQKLISEEDLLRKRREQLKHKLEQLRNSCA	MADVLSVLRQYNIQKKEIVVKGDEVIFGEFSWPKNVKTNYVVWGTGKEGQPREYYTLDSILFLLNNVHLSHPVYVRRAATENIPVVRRPDRKDLLGYLNGEASTSASIDRSAPLEIGLQRSTQVKRAADEVLAEAKKPRIEDEECVRLDKERLAARLEGHKEGIVQTEQIRSLSEAMSVEKIAAIKAKIMAKKRSTIKTDLDDDITALKQRSFVDAEVDVTRDIVSRERVWRTRTTILQSTGKNFSKNIFAILQSVKAREEGRAPEQRPAPNAAPVDPTLRTKQPIPAAYNRYDQERFKGKEETEGFKIDTMGTYHGMTLKSVTEGASARKTQTPAAQPVPRPVSQARPPPNQKKGSRTPIIIIPAATTSLITMLNAKDLLQDLKFVPSDEKKKQGCQRENETLIQRRKDQMQPGGTAISVTVPYRVVDQPLKLMPQDWDRVVAVFVQGPAWQFKGWPWLLPDGSPVDIFAKIKAFHLKYDEVRLDPNVQKWDVTVLELSYHKRHLDRPVFLRFWETLDRYMVKHKSHLRF	False
P01106	MYC	Q6P1J9	CDC73	Human	Phos	S	62	enhance	Enhance	26687678	Peptide pull-down	Cervical cancer		PTMint	PTPPLsPSRRS	MDFFRVVENQQPPATMPLNVSFTNRNYDLDYDSVQPYFYCDEEENFYQQQQQSELQPPAPSEDIWKKFELLPTPPLSPSRRSGLCSPSYVAVTPFSLRGDNDGGGGSFSTADQLEMVTELLGGDMVNQSFICDPDDETFIKNIIIQDCMWSGFSAAAKLVSEKLASYQAARKDSGSPNPARGHSVCSTSSLYLQDLSAAASECIDPSVVFPYPLNDSSSPKSCASQDSSAFSPSSDSLLSSTESSPQGSPEPLVLHEETPPTTSSDSEEEQEDEEEIDVVSVEKRQAPGKRSESGSPSAGGHSKPPHSPLVLKRCHVSTHQHNYAAPPSTRKDYPAAKRVKLDSVRVLRQISNNRKCTSPRSSDTEENVKRRTHNVLERQRRNELKRSFFALRDQIPELENNEKAPKVVILKKATAYILSVQAEEQKLISEEDLLRKRREQLKHKLEQLRNSCA	MADVLSVLRQYNIQKKEIVVKGDEVIFGEFSWPKNVKTNYVVWGTGKEGQPREYYTLDSILFLLNNVHLSHPVYVRRAATENIPVVRRPDRKDLLGYLNGEASTSASIDRSAPLEIGLQRSTQVKRAADEVLAEAKKPRIEDEECVRLDKERLAARLEGHKEGIVQTEQIRSLSEAMSVEKIAAIKAKIMAKKRSTIKTDLDDDITALKQRSFVDAEVDVTRDIVSRERVWRTRTTILQSTGKNFSKNIFAILQSVKAREEGRAPEQRPAPNAAPVDPTLRTKQPIPAAYNRYDQERFKGKEETEGFKIDTMGTYHGMTLKSVTEGASARKTQTPAAQPVPRPVSQARPPPNQKKGSRTPIIIIPAATTSLITMLNAKDLLQDLKFVPSDEKKKQGCQRENETLIQRRKDQMQPGGTAISVTVPYRVVDQPLKLMPQDWDRVVAVFVQGPAWQFKGWPWLLPDGSPVDIFAKIKAFHLKYDEVRLDPNVQKWDVTVLELSYHKRHLDRPVFLRFWETLDRYMVKHKSHLRF	False
P01106	MYC	Q8TCG1	CIP2A	Human	Phos	S	62	enhance	Enhance	26235622	Proximity ligation assay(PLA)	Hyperproliferative diseases	Nuclear Lamin A/C-associated structures (LASs)	PTMint	PTPPLsPSRRS	MDFFRVVENQQPPATMPLNVSFTNRNYDLDYDSVQPYFYCDEEENFYQQQQQSELQPPAPSEDIWKKFELLPTPPLSPSRRSGLCSPSYVAVTPFSLRGDNDGGGGSFSTADQLEMVTELLGGDMVNQSFICDPDDETFIKNIIIQDCMWSGFSAAAKLVSEKLASYQAARKDSGSPNPARGHSVCSTSSLYLQDLSAAASECIDPSVVFPYPLNDSSSPKSCASQDSSAFSPSSDSLLSSTESSPQGSPEPLVLHEETPPTTSSDSEEEQEDEEEIDVVSVEKRQAPGKRSESGSPSAGGHSKPPHSPLVLKRCHVSTHQHNYAAPPSTRKDYPAAKRVKLDSVRVLRQISNNRKCTSPRSSDTEENVKRRTHNVLERQRRNELKRSFFALRDQIPELENNEKAPKVVILKKATAYILSVQAEEQKLISEEDLLRKRREQLKHKLEQLRNSCA	MDSTACLKSLLLTVSQYKAVKSEANATQLLRHLEVISGQKLTRLFTSNQILTSECLSCLVELLEDPNISASLILSIIGLLSQLAVDIETRDCLQNTYNLNSVLAGVVCRSSHTDSVFLQCIQLLQKLTYNVKIFYSGANIDELITFLIDHIQSSEDELKMPCLGLLANLCRHNLSVQTHIKTLSNVKSFYRTLITLLAHSSLTVVVFALSILSSLTLNEEVGEKLFHARNIHQTFQLIFNILINGDGTLTRKYSVDLLMDLLKNPKIADYLTRYEHFSSCLHQVLGLLNGKDPDSSSKVLELLLAFCSVTQLRHMLTQMMFEQSPPGSATLGSHTKCLEPTVALLRWLSQPLDGSENCSVLALELFKEIFEDVIDAANCSSADRFVTLLLPTILDQLQFTEQNLDEALTRKKCERIAKAIEVLLTLCGDDTLKMHIAKILTTVKCTTLIEQQFTYGKIDLGFGTKVADSELCKLAADVILKTLDLINKLKPLVPGMEVSFYKILQDPRLITPLAFALTSDNREQVQSGLRILLEAAPLPDFPALVLGESIAANNAYRQQETEHIPRKMPWQSSNHSFPTSIKCLTPHLKDGVPGLNIEELIEKLQSGMVVKDQICDVRISDIMDVYEMKLSTLASKESRLQDLLETKALALAQADRLIAQHRCQRTQAETEARTLASMLREVERKNEELSVLLKAQQVESERAQSDIEHLFQHNRKLESVAEEHEILTKSYMELLQRNESTEKKNKDLQITCDSLNKQIETVKKLNESLKEQNEKSIAQLIEKEEQRKEVQNQLVDREHKLANLHQKTKVQEEKIKTLQKEREDKEETIDILRKELSRTEQIRKELSIKASSLEVQKAQLEGRLEEKESLVKLQQEELNKHSHMIAMIHSLSGGKINPETVNLSI	False
P01106	MYC	Q6PD62	CTR9	Human	Phos	T	58	enhance	Enhance	26687678	Sequence alignment	Cervical cancer		PTMint	FELLPtPPLSP	MDFFRVVENQQPPATMPLNVSFTNRNYDLDYDSVQPYFYCDEEENFYQQQQQSELQPPAPSEDIWKKFELLPTPPLSPSRRSGLCSPSYVAVTPFSLRGDNDGGGGSFSTADQLEMVTELLGGDMVNQSFICDPDDETFIKNIIIQDCMWSGFSAAAKLVSEKLASYQAARKDSGSPNPARGHSVCSTSSLYLQDLSAAASECIDPSVVFPYPLNDSSSPKSCASQDSSAFSPSSDSLLSSTESSPQGSPEPLVLHEETPPTTSSDSEEEQEDEEEIDVVSVEKRQAPGKRSESGSPSAGGHSKPPHSPLVLKRCHVSTHQHNYAAPPSTRKDYPAAKRVKLDSVRVLRQISNNRKCTSPRSSDTEENVKRRTHNVLERQRRNELKRSFFALRDQIPELENNEKAPKVVILKKATAYILSVQAEEQKLISEEDLLRKRREQLKHKLEQLRNSCA	MSRGSIEIPLRDTDEVIELDFDQLPEGDEVISILKQEHTQLHIWIALALEYYKQGKTEEFVKLLEAARIDGNLDYRDHEKDQMTCLDTLAAYYVQQARKEKNKDNKKDLITQATLLYTMADKIIMYDQNHLLGRACFCLLEGDKMDQADAQFHFVLNQSPNNIPALLGKACISFNKKDYRGALAYYKKALRTNPGCPAEVRLGMGHCFVKLNKLEKARLAFSRALELNSKCVGALVGLAVLELNNKEADSIKNGVQLLSRAYTIDPSNPMVLNHLANHFFFKKDYSKVQHLALHAFHNTEVEAMQAESCYQLARSFHVQEDYDQAFQYYYQATQFASSSFVLPFFGLGQMYIYRGDKENASQCFEKVLKAYPNNYETMKILGSLYAASEDQEKRDIAKGHLKKVTEQYPDDVEAWIELAQILEQTDIQGALSAYGTATRILQEKVQADVPPEILNNVGALHFRLGNLGEAKKYFLASLDRAKAEAEHDEHYYNAISVTTSYNLARLYEAMCEFHEAEKLYKNILREHPNYVDCYLRLGAMARDKGNFYEASDWFKEALQINQDHPDAWSLIGNLHLAKQEWGPGQKKFERILKQPSTQSDTYSMLALGNVWLQTLHQPTRDREKEKRHQDRALAIYKQVLRNDAKNLYAANGIGAVLAHKGYFREARDVFAQVREATADISDVWLNLAHIYVEQKQYISAVQMYENCLRKFYKHQNTEVVLYLARALFKCGKLQECKQTLLKARHVAPSDTVLMFNVALVLQRLATSVLKDEKSNLKEVLNAVKELELAHRYFSYLSKVGDKMRFDLALAATEARQCSDLLSQAQYHVARARKQDEEERELRAKQEQEKELLRQKLLKEQEEKRLREKEEQKKLLEQRAQYVEKTKNILMFTGETEATKEKKRGGGGGRRSKKGGEFDEFVNDDTDDDLPISKKKKRRKGSGSEQEGEDEEGGERKKKKRRRHPKGEEGSDDDETENGPKPKKRRPPKAEKKKAPKPERLPPSMKGKIKSKAIISSSDDSSDEDKLKIADEGHPRNSNSNSDSDEDEQRKKCASSESDSDENQNKSGSEAGSPRRPRRQRSDQDSDSDQPSRKRRPSGSEQSDNESVQSGRSHSGVSENDSRPASPSAESDHESERGSDNEGSGQGSGNESEPEGSNNEASDRGSEHGSDDSD	False
P01106	MYC	Q6PD62	CTR9	Human	Phos	S	62	enhance	Enhance	26687678	Sequence alignment	Cervical cancer		PTMint	PTPPLsPSRRS	MDFFRVVENQQPPATMPLNVSFTNRNYDLDYDSVQPYFYCDEEENFYQQQQQSELQPPAPSEDIWKKFELLPTPPLSPSRRSGLCSPSYVAVTPFSLRGDNDGGGGSFSTADQLEMVTELLGGDMVNQSFICDPDDETFIKNIIIQDCMWSGFSAAAKLVSEKLASYQAARKDSGSPNPARGHSVCSTSSLYLQDLSAAASECIDPSVVFPYPLNDSSSPKSCASQDSSAFSPSSDSLLSSTESSPQGSPEPLVLHEETPPTTSSDSEEEQEDEEEIDVVSVEKRQAPGKRSESGSPSAGGHSKPPHSPLVLKRCHVSTHQHNYAAPPSTRKDYPAAKRVKLDSVRVLRQISNNRKCTSPRSSDTEENVKRRTHNVLERQRRNELKRSFFALRDQIPELENNEKAPKVVILKKATAYILSVQAEEQKLISEEDLLRKRREQLKHKLEQLRNSCA	MSRGSIEIPLRDTDEVIELDFDQLPEGDEVISILKQEHTQLHIWIALALEYYKQGKTEEFVKLLEAARIDGNLDYRDHEKDQMTCLDTLAAYYVQQARKEKNKDNKKDLITQATLLYTMADKIIMYDQNHLLGRACFCLLEGDKMDQADAQFHFVLNQSPNNIPALLGKACISFNKKDYRGALAYYKKALRTNPGCPAEVRLGMGHCFVKLNKLEKARLAFSRALELNSKCVGALVGLAVLELNNKEADSIKNGVQLLSRAYTIDPSNPMVLNHLANHFFFKKDYSKVQHLALHAFHNTEVEAMQAESCYQLARSFHVQEDYDQAFQYYYQATQFASSSFVLPFFGLGQMYIYRGDKENASQCFEKVLKAYPNNYETMKILGSLYAASEDQEKRDIAKGHLKKVTEQYPDDVEAWIELAQILEQTDIQGALSAYGTATRILQEKVQADVPPEILNNVGALHFRLGNLGEAKKYFLASLDRAKAEAEHDEHYYNAISVTTSYNLARLYEAMCEFHEAEKLYKNILREHPNYVDCYLRLGAMARDKGNFYEASDWFKEALQINQDHPDAWSLIGNLHLAKQEWGPGQKKFERILKQPSTQSDTYSMLALGNVWLQTLHQPTRDREKEKRHQDRALAIYKQVLRNDAKNLYAANGIGAVLAHKGYFREARDVFAQVREATADISDVWLNLAHIYVEQKQYISAVQMYENCLRKFYKHQNTEVVLYLARALFKCGKLQECKQTLLKARHVAPSDTVLMFNVALVLQRLATSVLKDEKSNLKEVLNAVKELELAHRYFSYLSKVGDKMRFDLALAATEARQCSDLLSQAQYHVARARKQDEEERELRAKQEQEKELLRQKLLKEQEEKRLREKEEQKKLLEQRAQYVEKTKNILMFTGETEATKEKKRGGGGGRRSKKGGEFDEFVNDDTDDDLPISKKKKRRKGSGSEQEGEDEEGGERKKKKRRRHPKGEEGSDDDETENGPKPKKRRPPKAEKKKAPKPERLPPSMKGKIKSKAIISSSDDSSDEDKLKIADEGHPRNSNSNSDSDEDEQRKKCASSESDSDENQNKSGSEAGSPRRPRRQRSDQDSDSDQPSRKRRPSGSEQSDNESVQSGRSHSGVSENDSRPASPSAESDHESERGSDNEGSGQGSGNESEPEGSNNEASDRGSEHGSDDSD	False
P01106	MYC	Q969H0	FBXW7	Human	Phos	T	58	enhance	Enhance	15150404	Co-IP	Osteosarcoma, Cervical cancer		PTMint	FELLPtPPLSP	MDFFRVVENQQPPATMPLNVSFTNRNYDLDYDSVQPYFYCDEEENFYQQQQQSELQPPAPSEDIWKKFELLPTPPLSPSRRSGLCSPSYVAVTPFSLRGDNDGGGGSFSTADQLEMVTELLGGDMVNQSFICDPDDETFIKNIIIQDCMWSGFSAAAKLVSEKLASYQAARKDSGSPNPARGHSVCSTSSLYLQDLSAAASECIDPSVVFPYPLNDSSSPKSCASQDSSAFSPSSDSLLSSTESSPQGSPEPLVLHEETPPTTSSDSEEEQEDEEEIDVVSVEKRQAPGKRSESGSPSAGGHSKPPHSPLVLKRCHVSTHQHNYAAPPSTRKDYPAAKRVKLDSVRVLRQISNNRKCTSPRSSDTEENVKRRTHNVLERQRRNELKRSFFALRDQIPELENNEKAPKVVILKKATAYILSVQAEEQKLISEEDLLRKRREQLKHKLEQLRNSCA	MNQELLSVGSKRRRTGGSLRGNPSSSQVDEEQMNRVVEEEQQQQLRQQEEEHTARNGEVVGVEPRPGGQNDSQQGQLEENNNRFISVDEDSSGNQEEQEEDEEHAGEQDEEDEEEEEMDQESDDFDQSDDSSREDEHTHTNSVTNSSSIVDLPVHQLSSPFYTKTTKMKRKLDHGSEVRSFSLGKKPCKVSEYTSTTGLVPCSATPTTFGDLRAANGQGQQRRRITSVQPPTGLQEWLKMFQSWSGPEKLLALDELIDSCEPTQVKHMMQVIEPQFQRDFISLLPKELALYVLSFLEPKDLLQAAQTCRYWRILAEDNLLWREKCKEEGIDEPLHIKRRKVIKPGFIHSPWKSAYIRQHRIDTNWRRGELKSPKVLKGHDDHVITCLQFCGNRIVSGSDDNTLKVWSAVTGKCLRTLVGHTGGVWSSQMRDNIIISGSTDRTLKVWNAETGECIHTLYGHTSTVRCMHLHEKRVVSGSRDATLRVWDIETGQCLHVLMGHVAAVRCVQYDGRRVVSGAYDFMVKVWDPETETCLHTLQGHTNRVYSLQFDGIHVVSGSLDTSIRVWDVETGNCIHTLTGHQSLTSGMELKDNILVSGNADSTVKIWDIKTGQCLQTLQGPNKHQSAVTCLQFNKNFVITSSDDGTVKLWDLKTGEFIRNLVTLESGGSGGVVWRIRASNTKLVCAVGSRNGTEETKLLVLDFDVDMK	False
P01106	MYC	Q969H0	FBXW7	Human	Phos	T	58	enhance	Enhance	15103331	Co-IP	Cancers		PTMint	FELLPtPPLSP	MDFFRVVENQQPPATMPLNVSFTNRNYDLDYDSVQPYFYCDEEENFYQQQQQSELQPPAPSEDIWKKFELLPTPPLSPSRRSGLCSPSYVAVTPFSLRGDNDGGGGSFSTADQLEMVTELLGGDMVNQSFICDPDDETFIKNIIIQDCMWSGFSAAAKLVSEKLASYQAARKDSGSPNPARGHSVCSTSSLYLQDLSAAASECIDPSVVFPYPLNDSSSPKSCASQDSSAFSPSSDSLLSSTESSPQGSPEPLVLHEETPPTTSSDSEEEQEDEEEIDVVSVEKRQAPGKRSESGSPSAGGHSKPPHSPLVLKRCHVSTHQHNYAAPPSTRKDYPAAKRVKLDSVRVLRQISNNRKCTSPRSSDTEENVKRRTHNVLERQRRNELKRSFFALRDQIPELENNEKAPKVVILKKATAYILSVQAEEQKLISEEDLLRKRREQLKHKLEQLRNSCA	MNQELLSVGSKRRRTGGSLRGNPSSSQVDEEQMNRVVEEEQQQQLRQQEEEHTARNGEVVGVEPRPGGQNDSQQGQLEENNNRFISVDEDSSGNQEEQEEDEEHAGEQDEEDEEEEEMDQESDDFDQSDDSSREDEHTHTNSVTNSSSIVDLPVHQLSSPFYTKTTKMKRKLDHGSEVRSFSLGKKPCKVSEYTSTTGLVPCSATPTTFGDLRAANGQGQQRRRITSVQPPTGLQEWLKMFQSWSGPEKLLALDELIDSCEPTQVKHMMQVIEPQFQRDFISLLPKELALYVLSFLEPKDLLQAAQTCRYWRILAEDNLLWREKCKEEGIDEPLHIKRRKVIKPGFIHSPWKSAYIRQHRIDTNWRRGELKSPKVLKGHDDHVITCLQFCGNRIVSGSDDNTLKVWSAVTGKCLRTLVGHTGGVWSSQMRDNIIISGSTDRTLKVWNAETGECIHTLYGHTSTVRCMHLHEKRVVSGSRDATLRVWDIETGQCLHVLMGHVAAVRCVQYDGRRVVSGAYDFMVKVWDPETETCLHTLQGHTNRVYSLQFDGIHVVSGSLDTSIRVWDVETGNCIHTLTGHQSLTSGMELKDNILVSGNADSTVKIWDIKTGQCLQTLQGPNKHQSAVTCLQFNKNFVITSSDDGTVKLWDLKTGEFIRNLVTLESGGSGGVVWRIRASNTKLVCAVGSRNGTEETKLLVLDFDVDMK	False
P01106	MYC	Q969H0	FBXW7	Human	Phos	T	58	enhance	Enhance	27795300	Co-IP	Breast cancer		PTMint	FELLPtPPLSP	MDFFRVVENQQPPATMPLNVSFTNRNYDLDYDSVQPYFYCDEEENFYQQQQQSELQPPAPSEDIWKKFELLPTPPLSPSRRSGLCSPSYVAVTPFSLRGDNDGGGGSFSTADQLEMVTELLGGDMVNQSFICDPDDETFIKNIIIQDCMWSGFSAAAKLVSEKLASYQAARKDSGSPNPARGHSVCSTSSLYLQDLSAAASECIDPSVVFPYPLNDSSSPKSCASQDSSAFSPSSDSLLSSTESSPQGSPEPLVLHEETPPTTSSDSEEEQEDEEEIDVVSVEKRQAPGKRSESGSPSAGGHSKPPHSPLVLKRCHVSTHQHNYAAPPSTRKDYPAAKRVKLDSVRVLRQISNNRKCTSPRSSDTEENVKRRTHNVLERQRRNELKRSFFALRDQIPELENNEKAPKVVILKKATAYILSVQAEEQKLISEEDLLRKRREQLKHKLEQLRNSCA	MNQELLSVGSKRRRTGGSLRGNPSSSQVDEEQMNRVVEEEQQQQLRQQEEEHTARNGEVVGVEPRPGGQNDSQQGQLEENNNRFISVDEDSSGNQEEQEEDEEHAGEQDEEDEEEEEMDQESDDFDQSDDSSREDEHTHTNSVTNSSSIVDLPVHQLSSPFYTKTTKMKRKLDHGSEVRSFSLGKKPCKVSEYTSTTGLVPCSATPTTFGDLRAANGQGQQRRRITSVQPPTGLQEWLKMFQSWSGPEKLLALDELIDSCEPTQVKHMMQVIEPQFQRDFISLLPKELALYVLSFLEPKDLLQAAQTCRYWRILAEDNLLWREKCKEEGIDEPLHIKRRKVIKPGFIHSPWKSAYIRQHRIDTNWRRGELKSPKVLKGHDDHVITCLQFCGNRIVSGSDDNTLKVWSAVTGKCLRTLVGHTGGVWSSQMRDNIIISGSTDRTLKVWNAETGECIHTLYGHTSTVRCMHLHEKRVVSGSRDATLRVWDIETGQCLHVLMGHVAAVRCVQYDGRRVVSGAYDFMVKVWDPETETCLHTLQGHTNRVYSLQFDGIHVVSGSLDTSIRVWDVETGNCIHTLTGHQSLTSGMELKDNILVSGNADSTVKIWDIKTGQCLQTLQGPNKHQSAVTCLQFNKNFVITSSDDGTVKLWDLKTGEFIRNLVTLESGGSGGVVWRIRASNTKLVCAVGSRNGTEETKLLVLDFDVDMK	False
P01106	MYC	Q969H0	FBXW7	Human	Phos	S	62	enhance	Enhance	15103331	Co-IP	Cancers		PTMint	PTPPLsPSRRS	MDFFRVVENQQPPATMPLNVSFTNRNYDLDYDSVQPYFYCDEEENFYQQQQQSELQPPAPSEDIWKKFELLPTPPLSPSRRSGLCSPSYVAVTPFSLRGDNDGGGGSFSTADQLEMVTELLGGDMVNQSFICDPDDETFIKNIIIQDCMWSGFSAAAKLVSEKLASYQAARKDSGSPNPARGHSVCSTSSLYLQDLSAAASECIDPSVVFPYPLNDSSSPKSCASQDSSAFSPSSDSLLSSTESSPQGSPEPLVLHEETPPTTSSDSEEEQEDEEEIDVVSVEKRQAPGKRSESGSPSAGGHSKPPHSPLVLKRCHVSTHQHNYAAPPSTRKDYPAAKRVKLDSVRVLRQISNNRKCTSPRSSDTEENVKRRTHNVLERQRRNELKRSFFALRDQIPELENNEKAPKVVILKKATAYILSVQAEEQKLISEEDLLRKRREQLKHKLEQLRNSCA	MNQELLSVGSKRRRTGGSLRGNPSSSQVDEEQMNRVVEEEQQQQLRQQEEEHTARNGEVVGVEPRPGGQNDSQQGQLEENNNRFISVDEDSSGNQEEQEEDEEHAGEQDEEDEEEEEMDQESDDFDQSDDSSREDEHTHTNSVTNSSSIVDLPVHQLSSPFYTKTTKMKRKLDHGSEVRSFSLGKKPCKVSEYTSTTGLVPCSATPTTFGDLRAANGQGQQRRRITSVQPPTGLQEWLKMFQSWSGPEKLLALDELIDSCEPTQVKHMMQVIEPQFQRDFISLLPKELALYVLSFLEPKDLLQAAQTCRYWRILAEDNLLWREKCKEEGIDEPLHIKRRKVIKPGFIHSPWKSAYIRQHRIDTNWRRGELKSPKVLKGHDDHVITCLQFCGNRIVSGSDDNTLKVWSAVTGKCLRTLVGHTGGVWSSQMRDNIIISGSTDRTLKVWNAETGECIHTLYGHTSTVRCMHLHEKRVVSGSRDATLRVWDIETGQCLHVLMGHVAAVRCVQYDGRRVVSGAYDFMVKVWDPETETCLHTLQGHTNRVYSLQFDGIHVVSGSLDTSIRVWDVETGNCIHTLTGHQSLTSGMELKDNILVSGNADSTVKIWDIKTGQCLQTLQGPNKHQSAVTCLQFNKNFVITSSDDGTVKLWDLKTGEFIRNLVTLESGGSGGVVWRIRASNTKLVCAVGSRNGTEETKLLVLDFDVDMK	False
P01106	MYC	P61244	MAX	Human	Phos	S	373	inhibit	Inhibit	25326649	Renilla luciferase protein complementation assay(Rluc-PCA)	Colon cancer, Leukemia		PTMint	NELKRsFFALR	MDFFRVVENQQPPATMPLNVSFTNRNYDLDYDSVQPYFYCDEEENFYQQQQQSELQPPAPSEDIWKKFELLPTPPLSPSRRSGLCSPSYVAVTPFSLRGDNDGGGGSFSTADQLEMVTELLGGDMVNQSFICDPDDETFIKNIIIQDCMWSGFSAAAKLVSEKLASYQAARKDSGSPNPARGHSVCSTSSLYLQDLSAAASECIDPSVVFPYPLNDSSSPKSCASQDSSAFSPSSDSLLSSTESSPQGSPEPLVLHEETPPTTSSDSEEEQEDEEEIDVVSVEKRQAPGKRSESGSPSAGGHSKPPHSPLVLKRCHVSTHQHNYAAPPSTRKDYPAAKRVKLDSVRVLRQISNNRKCTSPRSSDTEENVKRRTHNVLERQRRNELKRSFFALRDQIPELENNEKAPKVVILKKATAYILSVQAEEQKLISEEDLLRKRREQLKHKLEQLRNSCA	MSDNDDIEVESDEEQPRFQSAADKRAHHNALERKRRDHIKDSFHSLRDSVPSLQGEKASRAQILDKATEYIQYMRRKNHTHQQDIDDLKRQNALLEQQVRALEKARSSAQLQTNYPSSDNSLYTNAKGSTISAFDGGSDSSSESEPEEPQSRKKLRMEAS	False
P01106	MYC	P61244	MAX	Human	Phos	S	373	inhibit	Inhibit	25326649	Renilla luciferase protein complementation assay(Rluc-PCA)	Colon cancer, Leukemia		PTMint	NELKRsFFALR	MDFFRVVENQQPPATMPLNVSFTNRNYDLDYDSVQPYFYCDEEENFYQQQQQSELQPPAPSEDIWKKFELLPTPPLSPSRRSGLCSPSYVAVTPFSLRGDNDGGGGSFSTADQLEMVTELLGGDMVNQSFICDPDDETFIKNIIIQDCMWSGFSAAAKLVSEKLASYQAARKDSGSPNPARGHSVCSTSSLYLQDLSAAASECIDPSVVFPYPLNDSSSPKSCASQDSSAFSPSSDSLLSSTESSPQGSPEPLVLHEETPPTTSSDSEEEQEDEEEIDVVSVEKRQAPGKRSESGSPSAGGHSKPPHSPLVLKRCHVSTHQHNYAAPPSTRKDYPAAKRVKLDSVRVLRQISNNRKCTSPRSSDTEENVKRRTHNVLERQRRNELKRSFFALRDQIPELENNEKAPKVVILKKATAYILSVQAEEQKLISEEDLLRKRREQLKHKLEQLRNSCA	MSDNDDIEVESDEEQPRFQSAADKRAHHNALERKRRDHIKDSFHSLRDSVPSLQGEKASRAQILDKATEYIQYMRRKNHTHQQDIDDLKRQNALLEQQVRALEKARSSAQLQTNYPSSDNSLYTNAKGSTISAFDGGSDSSSESEPEEPQSRKKLRMEAS	False
P01106	MYC	P61244	MAX	Human	Phos	T	400	inhibit	Inhibit	25326649	Renilla luciferase protein complementation assay(Rluc-PCA)	Colon cancer, Leukemia		PTMint	ILKKAtAYILS	MDFFRVVENQQPPATMPLNVSFTNRNYDLDYDSVQPYFYCDEEENFYQQQQQSELQPPAPSEDIWKKFELLPTPPLSPSRRSGLCSPSYVAVTPFSLRGDNDGGGGSFSTADQLEMVTELLGGDMVNQSFICDPDDETFIKNIIIQDCMWSGFSAAAKLVSEKLASYQAARKDSGSPNPARGHSVCSTSSLYLQDLSAAASECIDPSVVFPYPLNDSSSPKSCASQDSSAFSPSSDSLLSSTESSPQGSPEPLVLHEETPPTTSSDSEEEQEDEEEIDVVSVEKRQAPGKRSESGSPSAGGHSKPPHSPLVLKRCHVSTHQHNYAAPPSTRKDYPAAKRVKLDSVRVLRQISNNRKCTSPRSSDTEENVKRRTHNVLERQRRNELKRSFFALRDQIPELENNEKAPKVVILKKATAYILSVQAEEQKLISEEDLLRKRREQLKHKLEQLRNSCA	MSDNDDIEVESDEEQPRFQSAADKRAHHNALERKRRDHIKDSFHSLRDSVPSLQGEKASRAQILDKATEYIQYMRRKNHTHQQDIDDLKRQNALLEQQVRALEKARSSAQLQTNYPSSDNSLYTNAKGSTISAFDGGSDSSSESEPEEPQSRKKLRMEAS	False
P01106	MYC	P61244	MAX	Human	Phos	T	400	inhibit	Inhibit	25326649	Renilla luciferase protein complementation assay(Rluc-PCA)	Colon cancer, Leukemia		PTMint	ILKKAtAYILS	MDFFRVVENQQPPATMPLNVSFTNRNYDLDYDSVQPYFYCDEEENFYQQQQQSELQPPAPSEDIWKKFELLPTPPLSPSRRSGLCSPSYVAVTPFSLRGDNDGGGGSFSTADQLEMVTELLGGDMVNQSFICDPDDETFIKNIIIQDCMWSGFSAAAKLVSEKLASYQAARKDSGSPNPARGHSVCSTSSLYLQDLSAAASECIDPSVVFPYPLNDSSSPKSCASQDSSAFSPSSDSLLSSTESSPQGSPEPLVLHEETPPTTSSDSEEEQEDEEEIDVVSVEKRQAPGKRSESGSPSAGGHSKPPHSPLVLKRCHVSTHQHNYAAPPSTRKDYPAAKRVKLDSVRVLRQISNNRKCTSPRSSDTEENVKRRTHNVLERQRRNELKRSFFALRDQIPELENNEKAPKVVILKKATAYILSVQAEEQKLISEEDLLRKRREQLKHKLEQLRNSCA	MSDNDDIEVESDEEQPRFQSAADKRAHHNALERKRRDHIKDSFHSLRDSVPSLQGEKASRAQILDKATEYIQYMRRKNHTHQQDIDDLKRQNALLEQQVRALEKARSSAQLQTNYPSSDNSLYTNAKGSTISAFDGGSDSSSESEPEEPQSRKKLRMEAS	False
P01106	MYC	Q13526	PIN1	Human	Phos	T	58	enhance	Enhance	23318434	Co-IP	Breast cancer	Nucleus	PTMint	FELLPtPPLSP	MDFFRVVENQQPPATMPLNVSFTNRNYDLDYDSVQPYFYCDEEENFYQQQQQSELQPPAPSEDIWKKFELLPTPPLSPSRRSGLCSPSYVAVTPFSLRGDNDGGGGSFSTADQLEMVTELLGGDMVNQSFICDPDDETFIKNIIIQDCMWSGFSAAAKLVSEKLASYQAARKDSGSPNPARGHSVCSTSSLYLQDLSAAASECIDPSVVFPYPLNDSSSPKSCASQDSSAFSPSSDSLLSSTESSPQGSPEPLVLHEETPPTTSSDSEEEQEDEEEIDVVSVEKRQAPGKRSESGSPSAGGHSKPPHSPLVLKRCHVSTHQHNYAAPPSTRKDYPAAKRVKLDSVRVLRQISNNRKCTSPRSSDTEENVKRRTHNVLERQRRNELKRSFFALRDQIPELENNEKAPKVVILKKATAYILSVQAEEQKLISEEDLLRKRREQLKHKLEQLRNSCA	MADEEKLPPGWEKRMSRSSGRVYYFNHITNASQWERPSGNSSSGGKNGQGEPARVRCSHLLVKHSQSRRPSSWRQEKITRTKEEALELINGYIQKIKSGEEDFESLASQFSDCSSAKARGDLGAFSRGQMQKPFEDASFALRTGEMSGPVFTDSGIHIILRTE	False
P01106	MYC	Q13526	PIN1	Human	Phos	S	62	enhance	Enhance	23318434	Co-IP	Breast cancer	Nucleus	PTMint	PTPPLsPSRRS	MDFFRVVENQQPPATMPLNVSFTNRNYDLDYDSVQPYFYCDEEENFYQQQQQSELQPPAPSEDIWKKFELLPTPPLSPSRRSGLCSPSYVAVTPFSLRGDNDGGGGSFSTADQLEMVTELLGGDMVNQSFICDPDDETFIKNIIIQDCMWSGFSAAAKLVSEKLASYQAARKDSGSPNPARGHSVCSTSSLYLQDLSAAASECIDPSVVFPYPLNDSSSPKSCASQDSSAFSPSSDSLLSSTESSPQGSPEPLVLHEETPPTTSSDSEEEQEDEEEIDVVSVEKRQAPGKRSESGSPSAGGHSKPPHSPLVLKRCHVSTHQHNYAAPPSTRKDYPAAKRVKLDSVRVLRQISNNRKCTSPRSSDTEENVKRRTHNVLERQRRNELKRSFFALRDQIPELENNEKAPKVVILKKATAYILSVQAEEQKLISEEDLLRKRREQLKHKLEQLRNSCA	MADEEKLPPGWEKRMSRSSGRVYYFNHITNASQWERPSGNSSSGGKNGQGEPARVRCSHLLVKHSQSRRPSSWRQEKITRTKEEALELINGYIQKIKSGEEDFESLASQFSDCSSAKARGDLGAFSRGQMQKPFEDASFALRTGEMSGPVFTDSGIHIILRTE	False
P01106	MYC	P78317	RNF4	Human	Phos	S	62	enhance	Enhance	27653698	Co-IP	Epithelial cancers		PTMint	PTPPLsPSRRS	MDFFRVVENQQPPATMPLNVSFTNRNYDLDYDSVQPYFYCDEEENFYQQQQQSELQPPAPSEDIWKKFELLPTPPLSPSRRSGLCSPSYVAVTPFSLRGDNDGGGGSFSTADQLEMVTELLGGDMVNQSFICDPDDETFIKNIIIQDCMWSGFSAAAKLVSEKLASYQAARKDSGSPNPARGHSVCSTSSLYLQDLSAAASECIDPSVVFPYPLNDSSSPKSCASQDSSAFSPSSDSLLSSTESSPQGSPEPLVLHEETPPTTSSDSEEEQEDEEEIDVVSVEKRQAPGKRSESGSPSAGGHSKPPHSPLVLKRCHVSTHQHNYAAPPSTRKDYPAAKRVKLDSVRVLRQISNNRKCTSPRSSDTEENVKRRTHNVLERQRRNELKRSFFALRDQIPELENNEKAPKVVILKKATAYILSVQAEEQKLISEEDLLRKRREQLKHKLEQLRNSCA	MSTRKRRGGAINSRQAQKRTREATSTPEISLEAEPIELVETAGDEIVDLTCESLEPVVVDLTHNDSVVIVDERRRPRRNARRLPQDHADSCVVSSDDEELSRDRDVYVTTHTPRNARDEGATGLRPSGTVSCPICMDGYSEIVQNGRLIVSTECGHVFCSQCLRDSLKNANTCPTCRKKINHKRYHPIYI	False
