modified_gene	modified_uniprot	partner_gene	partner_uniprot	ptm_type	residue	position	effect_label	disease	pmid	detection_method	model	prob_enhance	confidence	predicted_label
ITCH	Q96J02	UBE2L3	P68036	Phos	S	687	inhibit	Inflammatory bowel disease(IBD), Sepsis, Inflammatory arthritis(IA)	29212706	Structure analysis	logistic	0.9999999994796644	0.9999999994796644	enhance
TELO2	Q9Y4R8	PIH1D1	Q9NWS0	Phos	S	491	enhance	Breast cancer	24656813	Isothermal titration calorimetry(ITC)	logistic	0.9999999987421881	0.9999999987421881	enhance
ERBB3	P21860	PIK3R2	O00459	Phos	Y	1289	enhance	Cancers	16729043	Peptide pull-down	logistic	0.9999999982877601	0.9999999982877601	enhance
MTHFR	P42898	PLK1	P53350	Phos	T	34	enhance	Glioma	28820331	GST pull-down	logistic	0.9999999958996357	0.9999999958996357	enhance
CDC20	Q12834	UBE2S	Q16763	Phos	S	92	inhibit		26811472	Co-IP	logistic	0.9999999931359362	0.9999999931359362	enhance
Hmr-1	Q967F4	Hmp-2	O44326	Phos	T	2912	enhance	Cancers	25850673	Isothermal titration calorimetry(ITC)	logistic	8.846549372656144e-09	0.9999999911534506	inhibit
MED28	Q9H204	GRB2	P62993	Phos	Y	64	enhance		16899217	Blot overlay assays	logistic	0.9999999886385827	0.9999999886385827	enhance
EGFR	P00533	SHC1	P29353	Phos	Y	727	enhance	Cancers	16729043	Peptide pull-down	logistic	0.9999999844181175	0.9999999844181175	enhance
DACT1	Q9NYF0	YWHAB	P31946	Phos	S	237	enhance	Colon cancer	21262972	Co-IP	logistic	0.9999999825380997	0.9999999825380997	enhance
FANCD2	Q9BXW9	FOXO3	O43524	Ub	K	561	enhance	Fanconi anemia(FA)	20040763	Co-IP	logistic	0.9999999822586331	0.9999999822586331	enhance
ERBB3	P21860	PIK3R2	O00459	Phos	Y	1260	enhance	Cancers	16729043	Peptide pull-down	logistic	0.9999999801121722	0.9999999801121722	enhance
TGFB1I1	O43294	CSK	P41240	Phos	Y	60	enhance		10838081	GST pull-down	logistic	0.9999999736539538	0.9999999736539538	enhance
GOLPH3	Q9H4A6	MYO18A	Q92614	Phos	T	148	enhance	Cancers	24485452	His pull-down	logistic	0.9999999609277841	0.9999999609277841	enhance
AANAT	Q16613	YWHAZ	P63104	Phos	T	31	enhance		28387381	Molecular dynamics simulation(MD)	logistic	0.999999954464552	0.999999954464552	enhance
TUBA1A	Q71U36	KIF5B	P33176	Ac	K	40	enhance		17084703	Microtubule binding assay	logistic	0.9999999544236676	0.9999999544236676	enhance
IL4R	P24394	GRB2	P62993	Phos	Y	575	enhance	Asthma	27479084	Co-IP	logistic	0.9999999154609827	0.9999999154609827	enhance
PACSIN1	Q9BY11	PICK1	Q9NRD5	Phos	S	348	inhibit	Alzheimer's disease(AD), Huntington's disease(HD)	23918399	GST pull-down	logistic	0.9999999142391653	0.9999999142391653	enhance
PACSIN1	Q9BY11	PICK1	Q9NRD5	Phos	S	349	inhibit	Alzheimer's disease(AD), Huntington's disease(HD)	23918399	GST pull-down	logistic	0.999999912415824	0.999999912415824	enhance
PACSIN1	Q9BY11	PICK1	Q9NRD5	Phos	S	346	inhibit	Alzheimer's disease(AD), Huntington's disease(HD)	23918399	GST pull-down	logistic	0.9999999062516932	0.9999999062516932	enhance
ELMO1	Q92556	NCK1	P16333	Phos	Y	216	enhance		24928514	GST pull-down, Co-IP	logistic	0.9999998768933819	0.9999998768933819	enhance
PDCD6IP	Q8WUM4	PTK2	Q05397	Phos	Y	319	enhance		12771190	Co-IP	logistic	0.9999998501225764	0.9999998501225764	enhance
PIK3C3	Q8NEB9	BECN1	Q14457	Ac	K	29	inhibit		28844862	Co-IP	logistic	0.9999998199740663	0.9999998199740663	enhance
MEF2C	Q06413	EP300	Q09472	Phos	T	80	enhance		21556048	Co-IP	logistic	0.9999997758528664	0.9999997758528664	enhance
PIK3R1	P27986	PTPN11	Q06124	Phos	Y	556	enhance	Breast cancer	16306077	Co-IP	logistic	0.9999997501899591	0.9999997501899591	enhance
PCNA	P12004	CUL4A	Q13619	Phos	Y	211	inhibit	Breast cancer	22692198	Co-IP	logistic	0.9999997324887492	0.9999997324887492	enhance
PCNA	P12004	WRNIP1	Q96S55	Ub	K	164	enhance	Cancers, Genetic disorders	26549024	Ni pull-down	logistic	0.9999995181919771	0.9999995181919771	enhance
SELL	P14151	CALM1	P0DP23	Phos	S	364	inhibit		25775539	Cross-linking	logistic	4.941683404743046e-07	0.9999995058316595	inhibit
CDK5	Q00535	CDK5R1	Q15078	Phos	S	47	inhibit		30217452	Co-IP	logistic	0.9999994513886022	0.9999994513886022	enhance
PDGFRB	P09619	GRB2	P62993	Phos	Y	716	enhance		7935391	GST pull-down	logistic	0.999999274028058	0.999999274028058	enhance
ATR	Q13535	TOPBP1	Q92547	Phos	T	1989	enhance	Colon cancer	21777809	Co-IP, Peptide pull-down	logistic	0.999999178937657	0.999999178937657	enhance
PGK1	P00558	CDC7	O00311	Phos	S	256	enhance	Lung cancer, Breast cancer	30392930	GST pull-down	logistic	0.9999990830652247	0.9999990830652247	enhance
KLC2	Q9H0B6	YWHAB	P31946	Phos	S	582	enhance	Diabetes, Cancers, Platelet disorders, Viral infections, Neurological disorders	21725060	Far-western	logistic	0.9999989709109981	0.9999989709109981	enhance
SLC9A3R2	Q15599	EZR	P15311	Phos	S	303	inhibit	Diarrhoeal disease	26251448	Co-IP	logistic	0.9999989563933667	0.9999989563933667	enhance
NOP53	Q9NZM5	RPL11	P62913	Phos	T	289	inhibit	Glioblastoma(GBM)	27829214	Co-IP	logistic	0.999998949986633	0.999998949986633	enhance
SNW1	Q13573	SMAD3	P84022	Phos	Y	292	enhance	Lung cancer	28666867	Co-IP	logistic	1.0862568486332827e-06	0.9999989137431514	inhibit
HTR6	P50406	GPRIN1	Q7Z2K8	Phos	S	350	inhibit	Neuroblastoma	32047117	Co-IP	logistic	0.9999989001364102	0.9999989001364102	enhance
RELB	Q01201	NFKBIA	P25963	Phos	S	472	inhibit	Breast cancer	25267645	Co-IP	logistic	0.9999985891156469	0.9999985891156469	enhance
CDC26	Q8NHZ8	ANAPC4	Q9UJX5	Phos	T	7	inhibit	Cervical cancer	25723520	Co-IP	logistic	0.9999985234978996	0.9999985234978996	enhance
MAP3K6	O95382	YWHAG	P61981	Phos	S	964	enhance	Cervical cancer	19935702	His pull-down	logistic	0.9999983903626787	0.9999983903626787	enhance
GBF1	Q92538	BTRC	Q9Y297	Phos	S	297	enhance	Cervical cancer, Colon cancer	29898406	Co-IP	logistic	0.9999983075828208	0.9999983075828208	enhance
PDCD4	Q53EL6	BTRC	Q9Y297	Phos	S	71	enhance		17053147	Co-IP	logistic	0.9999976458011943	0.9999976458011943	enhance
BRCA1	P38398	PIN1	Q13526	Phos	S	114	enhance	Cancers	31270457	GST pull-down	logistic	0.9999976306334843	0.9999976306334843	enhance
BRCA1	P38398	PIN1	Q13526	Phos	S	1191	enhance	Breast cancer	32193285	GST pull-down	logistic	0.9999973349212844	0.9999973349212844	enhance
TRPC4	Q9UBN4	SLC9A3R1	O14745	Phos	Y	972	enhance	Heart failure, Ischemia, Neuronal degeneration	16144838	Co-IP	logistic	0.9999970007174657	0.9999970007174657	enhance
HSD17B4	P51659	SKP2	Q13309	Phos	S	318	enhance	Prostate cancer	33762355	Co-IP	logistic	0.9999966374749302	0.9999966374749302	enhance
MCL1	Q07820	PIN1	Q13526	Phos	T	92	enhance	Breast cancer	18676833	Co-IP	logistic	0.9999955658244661	0.9999955658244661	enhance
TNFAIP8L2	Q6P589	BTRC	Q9Y297	Phos	S	3	enhance	Inflammatory diseases, Cancers	32188758	Co-IP	logistic	0.9999951831405852	0.9999951831405852	enhance
KHSRP	Q92945	YWHAZ	P63104	Phos	S	193	enhance		17177604	Co-IP	logistic	0.9999949476333253	0.9999949476333253	enhance
STXBP2	Q15833	STX3	Q13277	Phos	T	572	inhibit		17716669	GST pull-down	logistic	0.9999946450099982	0.9999946450099982	enhance
ERBB4	Q15303	SRC	P12931	Phos	Y	1128	enhance	Cancers	18721752	Protein microarrays	logistic	0.9999946198824466	0.9999946198824466	enhance
CENPA	P49450	CENPC	Q03188	Ac	K	124	inhibit	Cervical cancer	28396698	Molecular dynamics simulation(MD)	logistic	0.9999937271152445	0.9999937271152445	enhance
SPRY2	O43597	CBL	P22681	Phos	Y	55	enhance		12815057	Co-IP	logistic	0.9999935370164951	0.9999935370164951	enhance
PSEN2	P49810	AP1G1	O43747	Phos	S	19	inhibit	Alzheimer's disease(AD)	27293189	GST pull-down	logistic	0.9999934850640173	0.9999934850640173	enhance
STING1	Q86WV6	IRF3	Q14653	Phos	S	366	enhance		25636800	Co-IP	logistic	0.999992690309238	0.999992690309238	enhance
CAMKK2	Q96RR4	YWHAB	P31946	Phos	S	100	enhance	Prostate cancer, Hepatocellular carcinoma(HCC), Metabolic derangements	32913128	Surface plasmon resonance(SPR)	logistic	0.9999926617056176	0.9999926617056176	enhance
ERBB3	P21860	GRB2	P62993	Phos	Y	1262	enhance	Cancers	16729043	Peptide pull-down	logistic	0.9999924427238193	0.9999924427238193	enhance
WDR62	O43379	FBXW7	Q969H0	Phos	T	1053	enhance	Autosomal recessive primary microcephaly(MCPH)	30566428	Co-IP	logistic	0.9999923672349987	0.9999923672349987	enhance
KIR2DL1	P43626	SVIL	O95425	Phos	Y	302	enhance		21070852	Co-IP	logistic	0.9999917554760216	0.9999917554760216	enhance
EP300	Q09472	CHAF1A	Q13111	Phos	S	1834	enhance	Lung cancer	16024795	Co-IP	logistic	8.708108543372343e-06	0.9999912918914566	inhibit
PEX5	P50542	SQSTM1	Q13501	Ub	K	209	enhance	Cancers	26344566	Co-IP	logistic	0.9999901283487576	0.9999901283487576	enhance
PDGFRB	P09619	PLCG1	P19174	Phos	Y	1021	enhance		7678051	GST pull-down	logistic	0.9999900805390075	0.9999900805390075	enhance
PLEKHG6	Q3KR16	PLK1	P53350	Phos	T	544	enhance		24482237	GST pull-down	logistic	0.9999899299296695	0.9999899299296695	enhance
PKMYT1	Q99640	PIN1	Q13526	Phos	T	461	enhance		10504341	GST pull-down	logistic	0.9999897184276495	0.9999897184276495	enhance
CRY2	Q49AN0	FBXW7	Q969H0	Phos	T	300	enhance	Colorectal cancer(CRC)	25855785	Co-IP	logistic	0.9999882960190539	0.9999882960190539	enhance
GEM	P55040	YWHAB	P31946	Phos	S	23	enhance		14701738	Co-IP	logistic	0.99998700989752	0.99998700989752	enhance
ABRAXAS1	Q6UWZ7	BRCA1	P38398	Phos	S	404	enhance	Hereditary breast and ovarian cancer(HBOC)	26778126	Co-IP	logistic	0.9999867843413647	0.9999867843413647	enhance
NCOA3	Q9Y6Q9	CUL3	Q13618	Phos	S	860	enhance	Breast cancer	22147914	Co-IP	logistic	0.9999845713416835	0.9999845713416835	enhance
EXO1	Q9UQ84	SFN	P31947	Phos	S	746	enhance	Osteosarcoma	31053472	Co-IP	logistic	0.9999845083178941	0.9999845083178941	enhance
CDKN2D	P55273	CDK6	Q00534	Phos	S	66	inhibit	Cervical cancer, Osteosarcoma	29531090	GST pull-down, NMR spectroscopy	logistic	0.9999841397711496	0.9999841397711496	enhance
CCDC88A	Q3V6T2	PIK3R1	P27986	Phos	Y	1765	enhance	Breast cancer	21954290	GST pull-down, Co-IP	logistic	0.9999829624546293	0.9999829624546293	enhance
GLI1	P08151	SUFU	Q9UMX1	Phos	S	84	inhibit	Esophageal adenocarcinoma(EAC)	22439934	Co-IP	logistic	0.9999814852202696	0.9999814852202696	enhance
ANPEP	P15144	SFN	P31947	Phos	T	63	enhance	Fibrosis, Rheumatoid arthritis(RA), Cancers	33109610	Isothermal titration calorimetry(ITC)	logistic	0.9999813041090853	0.9999813041090853	enhance
Hmr-1	Q967F4	Hmp-2	O44326	Sumo	K	2874	inhibit	Fibrosis, Cancers	26412237	Co-IP	logistic	2.0005512491347898e-05	0.9999799944875086	inhibit
ESPL1	Q14674	PIN1	Q13526	Phos	S	1153	enhance		25921067	Co-IP	logistic	0.9999733535230705	0.9999733535230705	enhance
SNAP23	O00161	STX4	Q12846	Phos	S	23	inhibit		12930825	Solid-phase binding assay	logistic	2.6824144610702556e-05	0.9999731758553893	inhibit
MYBL2	P10244	VHL	P40337	Phos	Y	15	inhibit	von-Hippel Lindau(VHL)	27090638	Co-IP	logistic	0.9999699433140761	0.9999699433140761	enhance
CDC25A	P30304	YWHAB	P31946	Phos	T	507	enhance	Cancers	14559997	Co-IP	logistic	0.9999652304848031	0.9999652304848031	enhance
SRC	P12931	FBXL7	Q9UJT9	Phos	S	104	enhance	Pancreatic cancer, Prostate cancer	32839549	Co-IP	logistic	3.8353685093816316e-05	0.9999616463149061	inhibit
FLT4	P35916	GRB2	P62993	Phos	Y	1230	enhance		16076871	Co-IP	logistic	0.9999610238276837	0.9999610238276837	enhance
PKMYT1	Q99640	PIN1	Q13526	Phos	S	441	enhance		10504341	GST pull-down	logistic	0.9999608152310054	0.9999608152310054	enhance
ASF1A	Q9Y294	MDC1	Q14676	Phos	S	166	enhance	Gastrointestinal cancer, Colorectal cancer(CRC), Breast cancer, Hepatocellular carcinoma(HCC)	33503415	Co-IP	logistic	0.9999587811857538	0.9999587811857538	enhance
RGS18	Q9NS28	YWHAG	P61981	Phos	S	49	enhance		22234696	Co-IP	logistic	0.9999582798421468	0.9999582798421468	enhance
LZTS2	Q9BRK4	BTRC	Q9Y297	Phos	S	224	enhance	Hepatocellular carcinoma(HCC)	33420362	Co-IP	logistic	0.9999580945795166	0.9999580945795166	enhance
WDHD1	O75717	CLSPN	Q9HAW4	Phos	T	826	enhance	Colon cancer, Osteosarcoma	26082189	Co-IP	logistic	4.2786408318611636e-05	0.9999572135916814	inhibit
MCL1	Q07820	FBXW7	Q969H0	Phos	S	121	enhance	T-cell acute lymphoblastic leukaemia(T-ALL)	21368833	Co-IP	logistic	0.9999557870341335	0.9999557870341335	enhance
ERBB2	P04626	PTPN11	Q06124	Phos	Y	1023	enhance	Cancers	16729043	Peptide pull-down	logistic	0.9999532924502496	0.9999532924502496	enhance
SMG9	Q9H0W8	IQGAP1	P46940	Phos	Y	41	inhibit		21640080	Co-IP	logistic	0.9999530786783266	0.9999530786783266	enhance
TACSTD2	P09758	CLDN7	O95471	Phos	S	322	inhibit	Colorectal cancer(CRC)	31177095	Co-IP	logistic	0.9999492237449309	0.9999492237449309	enhance
PROX1	Q92786	HDAC3	O15379	Sumo	K	556	inhibit		18948102	Co-IP	logistic	0.9999488658032692	0.9999488658032692	enhance
BUB3	O43684	DMAP1	Q9NPF5	Phos	S	211	enhance	Pancreatic cancer	30553276	GST pull-down, Co-IP	logistic	0.9999480769346255	0.9999480769346255	enhance
ELAVL1	Q15717	FAF2	Q96CS3	Ub	K	326	enhance	Inclusion body myopathy, Paget diseas, Frontotemporal Dementia(IBMPFD), Amyotrophic lateral sclerosis(ALS)	23618873	Co-IP	logistic	0.9999463217995996	0.9999463217995996	enhance
KDR	P35968	PIK3R1	P27986	Phos	Y	801	enhance		17303569	Co-IP	logistic	0.999942466351631	0.999942466351631	enhance
PROX1	Q92786	HDAC3	O15379	Sumo	K	353	inhibit		18948102	Co-IP	logistic	0.9999419338978667	0.9999419338978667	enhance
DCK	P27707	CDK1	P06493	Phos	S	74	enhance	Cervical cancer	22850745	Co-IP	logistic	6.21660593638845e-05	0.9999378339406361	inhibit
EP300	Q09472	CTNNB1	P35222	Phos	S	12	enhance		22465714	Mammalian two-hybrid, Co-IP	logistic	6.732089249184461e-05	0.9999326791075082	inhibit
BCL10	O95999	IKBKG	Q9Y6K9	Ub	K	17	enhance	Infectious diseases	27777308	Co-IP	logistic	0.9999312971662502	0.9999312971662502	enhance
CDT1	Q9H211	SKP2	Q13309	Phos	T	29	enhance	Cervical cancer	15855168	Co-IP	logistic	7.149963254913834e-05	0.9999285003674508	inhibit
NTRK1	P04629	FRS2	Q8WU20	Phos	Y	496	inhibit		10629055	Peptide pull-down	logistic	0.9999276526571915	0.9999276526571915	enhance
ARHGAP35	Q9NRY4	RND1	Q92730	Phos	S	1174	inhibit	Vasospasm	19103606	GST pull-down	logistic	7.65488072915373e-05	0.9999234511927084	inhibit
PPP1R12C	Q9BZL4	YWHAZ	P63104	Phos	S	452	enhance	Osteosarcoma	22137581	Co-IP	logistic	0.9999123297776035	0.9999123297776035	enhance
CDK5R1	Q15078	PRKCD	Q05655	Phos	Y	234	enhance	Prostate cancer	29511352	Co-IP	logistic	0.9999106754745746	0.9999106754745746	enhance
MELK	Q14680	PPP1R8	Q12972	Phos	T	478	enhance		14699119	GST pull-down	logistic	0.9999025222505123	0.9999025222505123	enhance
PAK6	Q9NQU5	AR	P10275	Phos	T	354	inhibit	Prostate cancer	24130878	Mammalian two-hybrid, Co-IP	logistic	0.00010251458652744291	0.9998974854134726	inhibit
EZH2	Q15910	H3C1	P68431	Phos	S	21	inhibit	Cancers	16224021	Co-IP	logistic	0.00010294613163960083	0.9998970538683604	inhibit
HSF1	Q00613	EP300	Q09472	Phos	S	320	enhance	Huntington's disease(HD)	22216146	Co-IP	logistic	0.9998939029317389	0.9998939029317389	enhance
EEF2K	O00418	CALM1	P0DP23	Phos	S	78	inhibit	Oral cancer	15024086	Co-IP	logistic	0.9998922087279968	0.9998922087279968	enhance
PRKD1	Q15139	YWHAB	P31946	Phos	S	219	enhance		15755722	Co-IP	logistic	0.9998916182063047	0.9998916182063047	enhance
CNR1	P21554	CRIP1	P50238	Phos	T	467	inhibit	Neuroblastoma	27895162	Peptide pull-down	logistic	0.9998884813555279	0.9998884813555279	enhance
FPR1	P21462	GRK2	P25098	Phos	S	342	inhibit		22447027	Co-IP	logistic	0.9998862622175804	0.9998862622175804	enhance
STIL	Q15468	SASS6	Q6UVJ0	Phos	S	1116	enhance	Colon cancer	26101219	Co-IP	logistic	0.9998850473191311	0.9998850473191311	enhance
NR4A1	P22736	PIN1	Q13526	Phos	S	140	enhance	Prostate cancer, Lung cancer, Stomach cancer	22002310	GST pull-down	logistic	0.9998804412926514	0.9998804412926514	enhance
PDGFRB	P09619	SHC1	P29353	Phos	Y	579	enhance		8195171	GST pull-down	logistic	0.9998758926432378	0.9998758926432378	enhance
LZTS2	Q9BRK4	BTRC	Q9Y297	Phos	S	220	enhance	Hepatocellular carcinoma(HCC)	33420362	Co-IP	logistic	0.9998733963646447	0.9998733963646447	enhance
CBL	P22681	YWHAH	Q04917	Phos	S	642	enhance		11024037	GST pull-down	logistic	0.9998600994340575	0.9998600994340575	enhance
PAK6	Q9NQU5	AR	P10275	Phos	S	360	inhibit	Prostate cancer	24130878	Mammalian two-hybrid, Co-IP	logistic	0.00014092409718091914	0.9998590759028191	inhibit
NOP53	Q9NZM5	RPL11	P62913	Phos	S	233	inhibit	Glioblastoma(GBM)	27829214	Co-IP	logistic	0.9998584306709001	0.9998584306709001	enhance
FZR1	Q9UM11	CDC27	P30260	Glyco	S	42	enhance	Alzheimer's disease(AD)	27080259	Co-IP	logistic	0.00014707734665764043	0.9998529226533424	inhibit
DDR1	Q08345	PTPN11	Q06124	Phos	Y	740	enhance	Breast cancer	16337946	Co-IP	logistic	0.9998523772312896	0.9998523772312896	enhance
NPM1	P06748	ARF1	P84077	Phos	S	88	enhance	Lung cancer	23851489	Co-IP	logistic	0.00014930541071101798	0.999850694589289	inhibit
HSPA5	P11021	EIF2AK3	Q9NZJ5	Ac	K	125	inhibit	Breast cancer	20371724	Co-IP	logistic	0.00015079288390503325	0.9998492071160949	inhibit
DRD1	P21728	ARR3	P36575	Phos	T	244	enhance		32503917	Peptide array analysis	logistic	0.9998464219869756	0.9998464219869756	enhance
HIPK2	Q9H2X6	PIN1	Q13526	Phos	T	880	enhance	Lung cancer, Colon cancer	24145406	Co-IP	logistic	0.9998363570685387	0.9998363570685387	enhance
HSPA5	P11021	EIF2AK3	Q9NZJ5	Ac	K	122	inhibit	Breast cancer	20371724	Co-IP	logistic	0.00016394363468239632	0.9998360563653176	inhibit
CLDN11	O75508	SRC	P12931	Phos	Y	192	enhance	Head and neck squamous cell carcinomas(HNSCC)	30664792	Peptide pull-down	logistic	0.9998206408391028	0.9998206408391028	enhance
RIPK1	Q13546	RIPK3	Q9Y572	Ac	K	530	inhibit	Ischaemic stroke, Myocardial infarction(MI)	23201684	Co-IP	logistic	0.9998130235539145	0.9998130235539145	enhance
KRT19	P08727	ERBB2	P04626	Phos	S	35	enhance	Breast cancer	25342465	Co-IP	logistic	0.9998087155253034	0.9998087155253034	enhance
RBL2	Q08999	SKP2	Q13309	Phos	S	672	enhance	Osteosarcoma	12435635	Co-IP	logistic	0.00019218439165233968	0.9998078156083476	inhibit
CREB3L3	Q68CJ9	PPARA	Q07869	Ac	K	294	enhance		26438600	Co-IP	logistic	0.9998010883365903	0.9998010883365903	enhance
BORA	Q6PGQ7	PIN1	Q13526	Phos	S	274	enhance	Aging, Alzheimer's disease(AD), Cancers	23970419	GST pull-down, Co-IP	logistic	0.9997941066518437	0.9997941066518437	enhance
CASP2	P42575	YWHAZ	P63104	Phos	S	164	enhance		28943433	Fluorescence polarization(FP)	logistic	0.9997894792871864	0.9997894792871864	enhance
RIN1	Q13671	HRAS	P01112	Phos	S	291	enhance	Fibrotic diseases	27137893	IgG pull-down	logistic	0.0002172703712074312	0.9997827296287926	inhibit
CDKN2D	P55273	CDK6	Q00534	Phos	S	76	inhibit	Cervical cancer, Osteosarcoma	29531090	GST pull-down, NMR spectroscopy	logistic	0.9997799735997651	0.9997799735997651	enhance
ARRB1	P49407	CD247	P20963	Phos	S	163	enhance	Autoimmune diseases	24502978	Co-IP	logistic	0.9997796939642435	0.9997796939642435	enhance
CKMT1A	P12532	TRAP1	Q12931	Phos	Y	153	inhibit	Breast tumors	30174304	Co-IP	logistic	0.9997792564961651	0.9997792564961651	enhance
PPP2CA	P67775	JAK2	O60674	Phos	Y	307	inhibit		12921784	GST pull-down	logistic	0.9997677714069094	0.9997677714069094	enhance
MAPK8IP1	Q9UQF2	MAP3K12	Q12852	Phos	T	103	inhibit		12756254	Co-IP	logistic	0.9997632072898657	0.9997632072898657	enhance
KRAS	P01116	BRAF	P15056	Phos	Y	32	inhibit	Lung cancer, Colorectal cancer(CRC), Pancreatic cancer	30644389	GST pull-down, Biolayer interferometry(BLI)	logistic	0.9997629218009995	0.9997629218009995	enhance
MAFA	Q8NHW3	KAT2B	Q92831	Phos	S	49	enhance	Pancreatic cancer	18042454	Co-IP	logistic	0.9997471722957798	0.9997471722957798	enhance
CDC25A	P30304	PKM	P14618	Phos	Y	59	enhance	Glioblastoma(GBM)	27485204	Co-IP	logistic	0.9997438967002545	0.9997438967002545	enhance
KRT18	P05783	ITGB1	P05556	Phos	S	53	enhance	Rectal adenocarcinoma, Breast ductal carcinoma, Esophageal squamous cell carcinoma(ESCC)	25537517	Co-IP	logistic	0.00027253732876658015	0.9997274626712335	inhibit
DRD1	P21728	ARR3	P36575	Phos	T	245	enhance		32503917	Peptide array analysis	logistic	0.9997074949415605	0.9997074949415605	enhance
TGFBR3	Q03167	TRAF6	Q9Y4K3	Phos	S	831	enhance	Gastric cancer	22427868	Co-IP	logistic	0.9997071428477656	0.9997071428477656	enhance
TCF3	P15923	CREBBP	Q92793	Ac	K	34	enhance		22207202	Fluorescence anisotropy	logistic	0.9997015215343026	0.9997015215343026	enhance
HNRNPK	P61978	TARDBP	Q13148	Phos	S	284	enhance	Amyotrophic lateral sclerosis(ALS)	25410660	Colocalization analysis	logistic	0.00030117043375029763	0.9996988295662497	inhibit
HSPA5	P11021	EIF2AK3	Q9NZJ5	Ac	K	123	inhibit	Breast cancer	20371724	Co-IP	logistic	0.0003067759508160664	0.9996932240491839	inhibit
H1-2	P16403	TP53	P04637	Phos	T	146	inhibit	Lung cancer, Osteosarcoma	22249259	GST pull-down	logistic	0.9996921348903842	0.9996921348903842	enhance
HSF1	Q00613	YWHAE	P62258	Phos	S	307	enhance	Cervical cancer	12917326	Peptide competition experiments	logistic	0.9996869215968074	0.9996869215968074	enhance
FGFR1	P11362	PLCG1	P19174	Phos	Y	766	enhance		1656221	GST pull-down	logistic	0.9996746643843928	0.9996746643843928	enhance
TRIM29	Q14134	DVL2	O14641	Phos	S	550	inhibit	Pancreatic cancer	24469230	Co-IP	logistic	0.0003319905048174942	0.9996680094951825	inhibit
RND3	P61587	YWHAB	P31946	Phos	S	210	enhance		23622247	Co-IP	logistic	0.0003344097508155779	0.9996655902491844	inhibit
HMGN1	P05114	SRF	P11831	Phos	S	25	inhibit	Breast cancer	17938209	Chromatin immunoprecipitation(ChIP)	logistic	0.00034498492045061666	0.9996550150795493	inhibit
SREBF1	P36956	PKM	P14618	Phos	T	59	enhance	Hepatocellular carcinoma(HCC)	29514980	GST pull-down	logistic	0.9996514177998391	0.9996514177998391	enhance
HIPK2	Q9H2X6	PIN1	Q13526	Phos	S	882	enhance	Lung cancer, Colon cancer	24145406	Co-IP	logistic	0.9996498010560105	0.9996498010560105	enhance
CDKN1A	P38936	CALM1	P0DP23	Phos	S	153	inhibit	Cancers	16055744	Peptide pull-down	logistic	0.00038152254017836826	0.9996184774598217	inhibit
RORA	P35398	CTNNB1	P35222	Phos	S	35	enhance	Colon cancer	20122401	Co-IP	logistic	0.0003926511503361601	0.9996073488496638	inhibit
RIN1	Q13671	HRAS	P01112	Phos	S	292	enhance	Fibrotic diseases	27137893	IgG pull-down	logistic	0.00039504627925258967	0.9996049537207474	inhibit
CCAR1	Q8IX12	WWTR1	Q9GZV5	Phos	T	667	enhance	Breast cancer	20594350	Co-IP	logistic	0.999596720494519	0.999596720494519	enhance
NPHP1	O15259	PACS1	Q6VY07	Phos	S	123	enhance	Kidney cysts, Retinal degenerative diseases, Respiratory disorders, Neurologic disorders, Diabetes, Obesity	16308564	Co-IP	logistic	0.9995939102501062	0.9995939102501062	enhance
NCOA3	Q9Y6Q9	ESR1	P03372	Ub	K	723	enhance	Breast cancer	17574025	Co-IP	logistic	0.9995922633298979	0.9995922633298979	enhance
BRIP1	Q9BX63	BRCA1	P38398	Phos	S	990	enhance	Breast cancer	15125843	Structure analysis	logistic	0.9995781253544542	0.9995781253544542	enhance
ACTB	P60709	MYH10	P35580	Me	K	84	inhibit	Mental retardation, Developmental malformations	23673617	Co-IP	logistic	0.9995768958840487	0.9995768958840487	enhance
MRE11	P49959	PIH1D1	Q9NWS0	Phos	S	688	enhance	Ataxia-telangiectasia-like disorder(ATLD)	28436950	Peptide pull-down, Isothermal titration calorimetry(ITC)	logistic	0.9995758982545636	0.9995758982545636	enhance
CXADR	P78310	KIF22	Q14807	Phos	S	293	enhance	Lung cancer	29382784	GST pull-down	logistic	0.9995693854728618	0.9995693854728618	enhance
STAT3	P40763	EP300	Q09472	Phos	S	727	enhance	Hepatocellular carcinoma(HCC)	11322950	Co-IP	logistic	0.9995677139991176	0.9995677139991176	enhance
AKT1	P31749	TRAF6	Q9Y4K3	Phos	T	308	enhance	Prostate cancer	28676490	Co-IP	logistic	0.999557908820456	0.999557908820456	enhance
CDKN1A	P38936	C8A	P07357	Ac	K	141	inhibit	Cervical cancer	20154723	GST pull-down	logistic	0.0004499442211348102	0.9995500557788652	inhibit
IDH1	O75874	IDH1	O75874	Phos	Y	42	enhance	Acute myeloid leukemia(AML)	30862724	Sucrose density gradient, Native-PAGE	logistic	0.9995395797501105	0.9995395797501105	enhance
Pop-1	Q10666	Par-5	P41932	Phos	S	127	enhance		15066285	Flag pull-down	logistic	0.0004627870629174551	0.9995372129370825	inhibit
PIK3R2	O00459	FBXL2	Q9UKC9	Phos	Y	655	inhibit	Osteosarcoma	23604317	Co-IP	logistic	0.9995287313228857	0.9995287313228857	enhance
ADORA2A	P29274	DRD2	P14416	Phos	S	374	enhance		20197060	Fluorescence resonance energy transfer(FRET), Bioluminescence resonance energy transfer(BRET)	logistic	0.9995269371546306	0.9995269371546306	enhance
EPS8	Q12929	IRS4	O14654	Phos	Y	252	enhance		23626693	Peptide pull-down	logistic	0.9995268722225216	0.9995268722225216	enhance
RABEP1	Q15276	RAB4A	P20338	Phos	S	407	enhance	Breast cancer	22975325	Co-IP	logistic	0.0004903272376193667	0.9995096727623807	inhibit
PDGFRB	P09619	SLC9A3R1	O14745	Phos	S	1104	inhibit		15271984	Co-IP	logistic	0.9994938168596429	0.9994938168596429	enhance
CDKN1A	P38936	C8A	P07357	Ac	K	154	inhibit	Cervical cancer	20154723	GST pull-down	logistic	0.0005079203738172286	0.9994920796261828	inhibit
RNF187	Q5TA31	JUN	P05412	Me	R	98	enhance	Colon cancer	23624934	GST pull-down, Co-IP	logistic	0.9994548326263389	0.9994548326263389	enhance
Slob	Q8IPH9	14-3-3zeta	P29310	Phos	S	54	enhance	Neurological disorders	10230800	Co-IP	logistic	0.9994410153348126	0.9994410153348126	enhance
NDE1	Q9NXR1	FBXW7	Q969H0	Phos	T	191	enhance	Ciliopathies, Cancers, Microcephaly	26206584	Co-IP	logistic	0.9994126896626166	0.9994126896626166	enhance
SGTA	O43765	PDGFRA	P16234	Phos	S	305	enhance	Lung cancer, Gastric cancer	20736484	Co-IP	logistic	0.0006041992913769532	0.999395800708623	inhibit
ERBB2	P04626	GRB2	P62993	Phos	Y	1139	enhance	Cancers	16729043	Peptide pull-down	logistic	0.9993855256196826	0.9993855256196826	enhance
CGAS	Q8N884	SQSTM1	Q13501	Ub	K	414	enhance	Arthritis, Systemic lupus erythematosus(SLE), STING-associated vasculopathy with onset in infancy(SAVI), Aicardi-Goutie` res syndrome(AGS)	27666593	Co-IP	logistic	0.0006335091329073275	0.9993664908670927	inhibit
MAFA	Q8NHW3	KAT2B	Q92831	Phos	T	57	enhance	Pancreatic cancer	18042454	Co-IP	logistic	0.999356688146294	0.999356688146294	enhance
NPHP1	O15259	PACS1	Q6VY07	Phos	S	121	enhance	Kidney cysts, Retinal degenerative diseases, Respiratory disorders, Neurologic disorders, Diabetes, Obesity	16308564	Co-IP	logistic	0.9993307216896086	0.9993307216896086	enhance
CLIP1	P30622	TUBA1B	P68363	Phos	S	312	inhibit	Cervical cancer	24451569	MT co-sedimentation assay	logistic	0.0006816507709987794	0.9993183492290012	inhibit
EGLN2	Q96KS0	HIF1A	Q16665	Phos	S	130	inhibit	Osteosarcoma	26644182	Co-IP	logistic	0.9993094869600608	0.9993094869600608	enhance
ATF6	P18850	EBP	Q15125	Phos	T	166	enhance	Cancers	25135476	Co-IP	logistic	0.9993021064269717	0.9993021064269717	enhance
GFI1	Q99684	FBXW7	Q969H0	Phos	S	98	enhance	Gastric cancer	31289136	GST pull-down, Co-IP	logistic	0.9992562115694036	0.9992562115694036	enhance
ITPR1	Q14643	PPP1CC	P36873	Me	K	350	inhibit	Infectious diseases, Inflammatory diseases	29101251	Co-IP	logistic	0.9992275368682394	0.9992275368682394	enhance
KRAS	P01116	BRAF	P15056	Phos	Y	64	inhibit	Lung cancer, Colorectal cancer(CRC), Pancreatic cancer	30644389	GST pull-down, Biolayer interferometry(BLI)	logistic	0.999193656731638	0.999193656731638	enhance
SH3KBP1	Q96B97	NPHS1	O60500	Sumo	K	598	inhibit		22203040	Co-IP	logistic	0.9991643127081898	0.9991643127081898	enhance
PAK6	Q9NQU5	AR	P10275	Phos	S	308	inhibit	Prostate cancer	24130878	Mammalian two-hybrid, Co-IP	logistic	0.0008667690962833528	0.9991332309037166	inhibit
DAZL	Q92904	PABPC1	P11940	Phos	S	65	inhibit	Breast cancer	27280388	Co-IP	logistic	0.000870914634585868	0.9991290853654141	inhibit
CLSPN	Q9HAW4	CHEK1	O14757	Phos	S	945	enhance	Cervical cancer	15707391	Co-IP	logistic	0.9990887920605896	0.9990887920605896	enhance
BIRC5	O15392	CASP9	P55211	Phos	T	34	enhance	Cervical cancer, Melanoma	11069302	Co-IP	logistic	0.0009169551174666999	0.9990830448825333	inhibit
TET2	Q6N021	KLF1	Q13351	Phos	Y	1939	enhance	Myeloproliferative disorders, Myelodysplastic syndromes(MDS)	30944118	Co-IP, Surface plasmon resonance(SPR)	logistic	0.999081739663526	0.999081739663526	enhance
GFI1	Q99684	FBXW7	Q969H0	Phos	S	94	enhance	Gastric cancer	31289136	GST pull-down, Co-IP	logistic	0.999059454033885	0.999059454033885	enhance
AKT1	P31749	PIN1	Q13526	Phos	T	450	enhance	Breast cancer	19448664	GST pull-down, Co-IP	logistic	0.9990517087377117	0.9990517087377117	enhance
MLLT1	Q03111	BMI1	P35226	Phos	S	394	enhance	Osteosarcoma	25921070	Co-IP	logistic	0.9990104521129701	0.9990104521129701	enhance
SMAD7	O15105	RNF111	Q6ZNA4	Me	K	70	enhance		27292644	Co-IP	logistic	0.9989878363097588	0.9989878363097588	enhance
PEX14	O75381	PEX14	O75381	Phos	S	232	enhance		32854114	Co-IP	logistic	0.0010391136136788152	0.9989608863863212	inhibit
IRS4	O14654	STUB1	Q9UNE7	Phos	S	859	enhance	Osteosarcoma	30026872	Co-IP	logistic	0.9989069388380594	0.9989069388380594	enhance
S100A11	P31949	NCL	P19338	Phos	T	10	enhance		14623863	Co-IP	logistic	0.9988971363487223	0.9988971363487223	enhance
SIAH1	Q8IUQ4	GAPDH	P04406	Phos	T	239	enhance	Cancers, Cardiovascular disease(CVD), Diabetes, Neurodegenerative diseases	25391652	Co-IP	logistic	0.9988769190327931	0.9988769190327931	enhance
WEE1	P30291	PLK1	P53350	Phos	S	139	enhance	Osteosarcoma, Colon cancer	23051732	Co-IP	logistic	0.9987624133184783	0.9987624133184783	enhance
TP53	P04637	TP53BP1	Q12888	Me	K	370	enhance	Cancers	17805299	Co-IP	logistic	0.9987354966860553	0.9987354966860553	enhance
FYB1	O15117	ZAP70	P43403	Phos	Y	571	enhance		26246585	NMR spectroscopy	logistic	0.9987263208471467	0.9987263208471467	enhance
PICK1	Q9NRD5	GRIA2	P42262	Phos	S	339	enhance	Alzheimer's disease(AD)	26472923	Co-IP	logistic	0.9986666212030701	0.9986666212030701	enhance
ELAVL1	Q15717	YWHAQ	P27348	Phos	S	202	enhance	Cervical cancer	18593881	Co-IP	logistic	0.998628075275031	0.998628075275031	enhance
SH2D2A	Q9NP31	LCK	P06239	Phos	Y	305	enhance	Systemic autoimmune diseases	18541536	GST pull-down, Co-IP	logistic	0.0013936061018920384	0.998606393898108	inhibit
MAPK8	P45983	MAP2K7	O14733	Ub	K	68	inhibit	Cervical cancer, Colon cancer	28753655	Co-IP, GST pull-down	logistic	0.9985808444467351	0.9985808444467351	enhance
NTRK1	P04629	PLCG1	P19174	Phos	Y	791	enhance		8384556	Co-IP	logistic	0.998569582010887	0.998569582010887	enhance
SCN5A	Q14524	MAP1LC3B	Q9GZQ8	Phos	T	101	enhance	Heart disease	30759345	Co-IP	logistic	0.9985582493482452	0.9985582493482452	enhance
SPSB1	Q96BD6	RASA1	P20936	Phos	Y	31	enhance	Cervical cancer	15713673	Co-IP	logistic	0.9985478790449166	0.9985478790449166	enhance
FEN1	P39748	PCNA	P12004	Me	R	192	enhance	Cancers	20729856	Co-IP	logistic	0.9984816711713291	0.9984816711713291	enhance
PDE3A	Q14432	ATP2A2	P16615	Phos	S	292	enhance		25593322	Co-IP	logistic	0.0015220340281168715	0.9984779659718831	inhibit
NFKB2	Q00653	BTRC	Q9Y297	Phos	S	866	enhance	Multiple myeloma	22388891	Co-IP	logistic	0.9984499269416998	0.9984499269416998	enhance
DOK1	Q99704	PTPRC	P08575	Phos	Y	296	enhance		19481264	Co-IP	logistic	0.0015595539599712815	0.9984404460400287	inhibit
ARHGAP35	Q9NRY4	RASA1	P20936	Phos	Y	1105	enhance		32540970	Isothermal titration calorimetry(ITC)	logistic	0.9984140660850573	0.9984140660850573	enhance
ACKR3	P25106	ARRB1	P49407	Phos	T	352	enhance	Cardiovascular disease(CVD), Cancers	33799570	Bioluminescence resonance energy transfer(BRET)-Based Recruitment Assay	logistic	0.9984119069991351	0.9984119069991351	enhance
SNAP91	O60641	PLD1	Q13393	Phos	S	313	enhance	Stomach cancer, Cervical cancer	21296491	Co-IP	logistic	0.9983596926246436	0.9983596926246436	enhance
WRN	Q14191	MRE11	P49959	Phos	S	1133	enhance	Cancers	27634057	In situ proximity ligation assay(In situ PLA)	logistic	0.9983107433179121	0.9983107433179121	enhance
Klp9	Q1MTQ7	Ase1	Q9HDY1	Phos	S	605	inhibit		19686686	GST pull-down, Flourescence recovery after photobleaching(FRAP)	logistic	0.0016976302957888826	0.9983023697042112	inhibit
ZNF76	P36508	TBP	P20226	Sumo	K	411	inhibit	Osteosarcoma, Cervical cancer	15280358	Co-IP	logistic	0.0017127813518537252	0.9982872186481463	inhibit
AKT1	P31749	TRAF6	Q9Y4K3	Phos	S	473	enhance	Prostate cancer	28676490	Co-IP	logistic	0.9982701713626071	0.9982701713626071	enhance
ERBB4	Q15303	GRB2	P62993	Phos	Y	1208	enhance	Cancers	16729043	Peptide pull-down	random_forest	0.9982313703068421	0.9982313703068421	enhance
HDAC2	Q92769	FOXO3	O43524	Phos	S	394	enhance	Alzheimer's disease(AD), Parkinson's disease(PD), Stroke	25609639	Co-IP	logistic	0.9981354211506527	0.9981354211506527	enhance
CCNT1	O60563	BRD4	O60885	Ac	K	380	enhance	Cervical cancer	22084242	NMR titration	logistic	0.9981253742560154	0.9981253742560154	enhance
BUB3	O43684	KNL1	Q8NG31	Phos	Y	207	enhance	Glioblastoma(GBM)	24316223	GST pull-down, Co-IP	logistic	0.9980645161913801	0.9980645161913801	enhance
RUNX3	Q13761	PIN1	Q13526	Phos	T	209	enhance	Breast cancer	22580604	Co-IP	logistic	0.9978779433588799	0.9978779433588799	enhance
SOS1	Q07889	YWHAE	P62258	Phos	S	1134	enhance		22827337	GST pull-down	logistic	0.9978645898114072	0.9978645898114072	enhance
ARHGAP22	Q7Z5H3	YWHAB	P31946	Phos	S	16	enhance	Cancers	21969604	Co-IP	logistic	0.9978395332320138	0.9978395332320138	enhance
GLI1	P08151	SUFU	Q9UMX1	Phos	S	201	enhance	Medulloblastoma(MB)	29662197	Co-IP	logistic	0.9978344731376814	0.9978344731376814	enhance
AKT1S1	Q96B36	YWHAB	P31946	Phos	S	221	enhance		18372248	Co-IP	logistic	0.9977581843870903	0.9977581843870903	enhance
CCND1	P24385	FBXO31	Q5XUX0	Phos	T	286	enhance	Breast cancer	19412162	Co-IP	logistic	0.0022955775081155375	0.9977044224918845	inhibit
MMP14	P50281	ITGA5	P08648	Phos	T	567	enhance	Cervical cancer, Fibrosarcoma	22002060	Co-IP	logistic	0.9976166136122708	0.9976166136122708	enhance
CEBPE	Q15744	RELA	Q04206	Phos	T	74	enhance	Pancreatic cancer	17255362	GST pull-down, Co-IP	logistic	0.997481947663671	0.997481947663671	enhance
TAGLN	Q01995	ACTB	P60709	Phos	S	181	inhibit		11053353	Actin cosedimentation assay	logistic	0.002520986498239625	0.9974790135017604	inhibit
MRE11	P49959	PIH1D1	Q9NWS0	Phos	S	689	enhance	Ataxia-telangiectasia-like disorder(ATLD)	28436950	Peptide pull-down, Isothermal titration calorimetry(ITC)	logistic	0.9972776034731402	0.9972776034731402	enhance
TET2	Q6N021	DNMT1	P26358	Ac	K	110	enhance	Ovarian cancer, Colon cancer	28107650	Co-IP	logistic	0.9972587409272627	0.9972587409272627	enhance
CD274	Q9NZQ7	STT3A	P46977	Phos	Y	112	enhance	Liver cancer	31305264	Co-IP	logistic	0.9972356698419079	0.9972356698419079	enhance
TP53	P04637	SUB1	P53999	Ac	K	381	enhance		21586571	Fluorescence anisotropy	logistic	0.9972173338536728	0.9972173338536728	enhance
RHO	P08100	ARRB1	P49407	Phos	S	338	enhance		28753425	Structure analysis	logistic	0.0028553421129077906	0.9971446578870922	inhibit
PRKD2	Q9BZL6	XPO1	O14980	Phos	S	706	inhibit	Gastric cancer	17962809	Co-IP	logistic	0.0028964156369876595	0.9971035843630124	inhibit
PPP1R13L	Q8WUF5	TP53	P04637	Phos	S	84	enhance	Melanoma	23623661	His pull-down, Co-IP	logistic	0.9970811291987172	0.9970811291987172	enhance
MFF	Q9GZY8	YWHAB	P31946	Phos	S	157	enhance	Diabetes, Cancers, Platelet disorders, Viral infections, Neurological disorders	21725060	GFP-Trap immunoprecipitation, Far-western	logistic	0.9970809396362076	0.9970809396362076	enhance
KRT5	P13647	HSPA1A	P0DMV8	Phos	T	151	enhance	Epidermolysis bullosa simplex(EBS)	29080682	Co-IP	logistic	0.9970801827005757	0.9970801827005757	enhance
MDM2	Q00987	UBE2M	P61081	Phos	Y	281	enhance	Glioblastoma(GBM)	25624478	Co-IP	logistic	0.99707184293417	0.99707184293417	enhance
FYB2	Q5VWT5	LCP2	Q13094	Phos	Y	491	enhance		27335501	Co-IP	logistic	0.9970112885293919	0.9970112885293919	enhance
AIFM1	O95831	KPNA4	O00629	Phos	T	281	inhibit	Breast cancer	33867848	Co-IP	logistic	0.9969113638440218	0.9969113638440218	enhance
GATA2	P23769	FBXW7	Q969H0	Phos	T	176	enhance	Breast cancer, Colon cancer, T-cell acute lymphoblastic leukaemia(T-ALL)	25670854	Co-IP	logistic	0.9966439486278262	0.9966439486278262	enhance
LZTS2	Q9BRK4	BTRC	Q9Y297	Phos	S	277	enhance	Hepatocellular carcinoma(HCC)	33420362	Co-IP	logistic	0.9965989386833707	0.9965989386833707	enhance
